Employee_ID,Department,Job_Role,Education_Level,Age,Years_At_Company,Monthly_Income,Performance_Score,Join_Date,Attrition,Predicted_Income,Pay_Gap,Pay_Gap_Percent,Pay_Equity_Flag,Attrition_Risk_Probability,Attrition_Risk_Level,High_Performer,Predicted_High_Performer,Cluster,Employee_Segment
601,Engineering,Software Engineer,Bachelor,21,13.0,7155.17,92.0,2011-07-15,No,7219.13,-63.96,-0.9,Within Expected Range,0.1192,Low,1,No,1,"Established, Higher-Income Employees"
737,Sales,Sales Executive,Master,30,2.0,5122.52,59.0,2022-09-22,No,5304.98,-182.46,-3.4,Within Expected Range,0.6413,Medium,0,Yes,0,"Short-Tenure, Lower-Income Employees"
315,Finance,Accountant,Bachelor,37,0.0,4578.13,80.0,2024-06-18,No,3772.18,805.95,21.4,Within Expected Range,0.6481,Medium,0,No,0,"Short-Tenure, Lower-Income Employees"
816,Sales,Sales Manager,Bachelor,31,0.0,3649.32,79.0,2024-08-15,No,3798.31,-148.99,-3.9,Within Expected Range,0.5154,Medium,0,No,0,"Short-Tenure, Lower-Income Employees"
979,Marketing,Marketing Analyst,Bachelor,42,2.0,4218.21,75.0,2022-09-07,No,4430.12,-211.91,-4.8,Within Expected Range,0.5862,Medium,0,No,0,"Short-Tenure, Lower-Income Employees"
10,Sales,Account Rep,Bachelor,31,3.0,5031.15,76.0,2021-09-21,No,4547.82,483.33,10.6,Within Expected Range,0.2994,Low,0,Yes,0,"Short-Tenure, Lower-Income Employees"
135,Marketing,Marketing Manager,Master,35,12.0,7297.6,86.0,2012-09-26,No,7778.29,-480.69,-6.2,Within Expected Range,0.2928,Low,1,Yes,1,"Established, Higher-Income Employees"
778,Sales,Sales Manager,Bachelor,36,0.0,2422.59,73.0,2024-06-13,No,3802.02,-1379.43,-36.3,Within Expected Range,0.6213,Medium,0,No,0,"Short-Tenure, Lower-Income Employees"
410,Finance,Finance Manager,High School,21,0.0,2736.65,84.0,2024-06-22,No,2936.97,-200.32,-6.8,Within Expected Range,0.4319,Medium,0,No,0,"Short-Tenure, Lower-Income Employees"
413,Finance,Finance Manager,Bachelor,25,1.0,3406.96,77.0,2023-08-23,Yes,4049.25,-642.29,-15.9,Within Expected Range,0.4885,Medium,0,No,0,"Short-Tenure, Lower-Income Employees"
460,Engineering,Software Engineer,Bachelor,24,0.4,3563.54,56.0,2023-02-19,No,4077.72,-514.18,-12.6,Within Expected Range,0.4757,Medium,0,No,0,"Short-Tenure, Lower-Income Employees"
510,Finance,Finance Manager,High School,29,0.0,2590.3,97.0,2024-11-09,No,2944.56,-354.26,-12.0,Within Expected Range,0.4763,Medium,1,No,0,"Short-Tenure, Lower-Income Employees"
55,Engineering,Senior Engineer,High School,38,2.0,3663.41,60.0,2022-03-19,No,3542.63,120.78,3.4,Within Expected Range,0.6374,Medium,0,No,0,"Short-Tenure, Lower-Income Employees"
802,Marketing,Content Specialist,Bachelor,34,4.0,5443.74,73.0,2020-11-24,No,4713.8,729.94,15.5,Within Expected Range,0.3227,Low,0,No,0,"Short-Tenure, Lower-Income Employees"
714,HR,HR Specialist,PhD,21,0.0,6519.52,64.0,2024-03-08,No,5597.68,921.84,16.5,Within Expected Range,0.3336,Low,0,Yes,0,"Short-Tenure, Lower-Income Employees"
543,Sales,Sales Manager,Bachelor,37,2.0,4255.01,68.0,2022-05-22,No,4301.1,-46.09,-1.1,Within Expected Range,0.5077,Medium,0,No,0,"Short-Tenure, Lower-Income Employees"
768,Sales,Sales Executive,Bachelor,31,2.0,4932.27,100.0,2022-05-25,Yes,4448.66,483.61,10.9,Within Expected Range,0.5316,Medium,1,Yes,0,"Short-Tenure, Lower-Income Employees"
147,Marketing,Content Specialist,Bachelor,34,4.0,4583.48,69.0,2020-04-14,No,4713.5,-130.02,-2.8,Within Expected Range,0.3689,Medium,0,No,0,"Short-Tenure, Lower-Income Employees"
837,Engineering,QA Engineer,Master,39,3.0,6223.34,84.0,2021-04-12,Yes,5530.31,693.03,12.5,Within Expected Range,0.3963,Medium,0,No,1,"Established, Higher-Income Employees"
488,HR,Recruiter,Master,39,4.0,6656.28,58.0,2020-09-21,No,5851.35,804.93,13.8,Within Expected Range,0.4724,Medium,0,Yes,1,"Established, Higher-Income Employees"
874,Engineering,Senior Engineer,Bachelor,32,1.0,2481.58,62.0,2023-02-07,No,4148.66,-1667.08,-40.2,Within Expected Range,0.7281,High,0,No,0,"Short-Tenure, Lower-Income Employees"
949,Marketing,Content Specialist,High School,21,2.0,3293.4,64.0,2022-01-05,No,3343.56,-50.16,-1.5,Within Expected Range,0.3209,Low,0,No,0,"Short-Tenure, Lower-Income Employees"
719,Sales,Sales Executive,Master,38,0.0,5076.62,78.0,2024-10-17,No,4814.41,262.21,5.4,Within Expected Range,0.6985,High,0,Yes,0,"Short-Tenure, Lower-Income Employees"
35,Marketing,Marketing Manager,Bachelor,35,1.0,4700.66,85.0,2023-01-17,No,4175.68,524.98,12.6,Within Expected Range,0.5328,Medium,1,Yes,0,"Short-Tenure, Lower-Income Employees"
172,Marketing,Marketing Analyst,Bachelor,36,1.0,3729.38,81.0,2023-03-21,No,4176.27,-446.89,-10.7,Within Expected Range,0.5783,Medium,0,No,0,"Short-Tenure, Lower-Income Employees"
396,Engineering,Senior Engineer,Bachelor,21,9.0,7267.35,63.0,2015-07-14,No,6134.05,1133.3,18.5,Within Expected Range,0.2934,Low,0,No,1,"Established, Higher-Income Employees"
369,Marketing,Marketing Manager,Bachelor,27,0.0,3651.04,80.0,2024-11-27,No,3919.37,-268.33,-6.8,Within Expected Range,0.556,Medium,0,Yes,0,"Short-Tenure, Lower-Income Employees"
362,Sales,Account Rep,Bachelor,37,4.0,4259.49,71.4,2020-10-27,Yes,4801.77,-542.28,-11.3,Within Expected Range,0.3635,Medium,0,Yes,0,"Short-Tenure, Lower-Income Employees"
329,HR,Recruiter,Bachelor,36,1.0,3295.63,71.0,2023-07-20,No,4241.72,-946.09,-22.3,Within Expected Range,0.5882,Medium,0,Yes,0,"Short-Tenure, Lower-Income Employees"
684,Marketing,Content Specialist,Bachelor,41,6.0,6256.33,82.0,2018-07-01,No,5218.88,1037.45,19.9,Within Expected Range,0.2882,Low,0,No,1,"Established, Higher-Income Employees"
257,Sales,Sales Executive,Master,37,11.0,9446.36,85.0,2013-04-18,Yes,7556.46,1889.9,25.0,Above Expected,0.2903,Low,1,Yes,1,"Established, Higher-Income Employees"
1000,Sales,Account Rep,Master,40,0.0,3992.95,51.0,2024-11-25,Yes,4665.71,-672.76,-14.4,Within Expected Range,0.5631,Medium,0,Yes,0,"Short-Tenure, Lower-Income Employees"
180,Sales,Account Rep,Master,43,0.0,5806.0,72.0,2024-03-17,No,4669.74,1136.26,24.3,Within Expected Range,0.4586,Medium,0,Yes,0,"Short-Tenure, Lower-Income Employees"
919,Sales,Sales Executive,High School,29,0.0,6025.25,69.0,2024-03-07,No,3085.93,2939.32,95.2,Above Expected,0.4679,Medium,0,Yes,0,"Short-Tenure, Lower-Income Employees"
586,Marketing,Marketing Manager,Bachelor,37,2.0,5695.2,85.0,2022-04-10,No,4426.64,1268.56,28.7,Within Expected Range,0.4776,Medium,1,Yes,0,"Short-Tenure, Lower-Income Employees"
165,HR,Recruiter,Bachelor,38,8.0,6469.49,61.0,2016-02-11,No,5987.79,481.7,8.0,Within Expected Range,0.3381,Low,0,Yes,1,"Established, Higher-Income Employees"
850,Engineering,QA Engineer,Master,40,6.0,5752.89,61.0,2018-08-18,No,6277.37,-524.48,-8.4,Within Expected Range,0.4102,Medium,0,No,1,"Established, Higher-Income Employees"
957,Engineering,Senior Engineer,Bachelor,43,0.0,3470.17,69.0,2024-07-17,Yes,3909.0,-438.83,-11.2,Within Expected Range,0.7526,High,0,No,0,"Short-Tenure, Lower-Income Employees"
467,Sales,Account Rep,Bachelor,21,2.2,3308.2,47.0,2023-06-12,Yes,4337.94,-1029.74,-23.7,Within Expected Range,0.3671,Medium,0,Yes,0,"Short-Tenure, Lower-Income Employees"
373,Finance,Financial Analyst,Bachelor,49,1.0,3544.52,73.0,2023-12-06,No,4092.92,-548.4,-13.4,Within Expected Range,0.6482,Medium,0,No,0,"Short-Tenure, Lower-Income Employees"
602,Sales,Sales Manager,Bachelor,28,1.0,3805.73,58.0,2023-08-25,No,4043.59,-237.86,-5.9,Within Expected Range,0.4997,Medium,0,No,0,"Short-Tenure, Lower-Income Employees"
485,Engineering,Senior Engineer,Master,36,0.0,3663.35,78.0,2024-10-14,Yes,4764.02,-1100.67,-23.1,Within Expected Range,0.7516,High,0,No,0,"Short-Tenure, Lower-Income Employees"
14,Sales,Account Rep,Master,30,2.0,7016.19,86.0,2022-08-27,No,5158.59,1857.6,36.0,Above Expected,0.2685,Low,1,Yes,1,"Established, Higher-Income Employees"
749,Engineering,Senior Engineer,Master,37,0.0,5402.94,73.0,2024-05-03,No,4764.48,638.46,13.4,Within Expected Range,0.6896,High,0,No,0,"Short-Tenure, Lower-Income Employees"
317,Finance,Finance Manager,High School,39,10.0,5125.66,71.4,2014-12-01,No,5444.04,-318.38,-5.8,Within Expected Range,0.2939,Low,0,No,1,"Established, Higher-Income Employees"
456,Sales,Sales Manager,Bachelor,23,0.0,3527.11,76.0,2024-08-06,No,3791.45,-264.34,-7.0,Within Expected Range,0.4701,Medium,0,No,0,"Short-Tenure, Lower-Income Employees"
217,HR,Recruiter,PhD,43,8.0,7754.65,79.0,2016-07-16,No,7713.6,41.05,0.5,Within Expected Range,0.4162,Medium,0,Yes,1,"Established, Higher-Income Employees"
490,Marketing,Marketing Analyst,High School,41,0.0,3295.19,80.0,2024-12-13,Yes,3070.87,224.32,7.3,Within Expected Range,0.5834,Medium,0,No,0,"Short-Tenure, Lower-Income Employees"
306,Sales,Sales Executive,Bachelor,30,0.0,3913.6,75.0,2024-08-24,Yes,3947.38,-33.78,-0.9,Within Expected Range,0.6442,Medium,0,Yes,0,"Short-Tenure, Lower-Income Employees"
659,Sales,Account Rep,Bachelor,24,4.0,4962.91,98.0,2020-09-18,No,4792.93,169.98,3.5,Within Expected Range,0.2266,Low,1,Yes,0,"Short-Tenure, Lower-Income Employees"
956,Sales,Sales Manager,Bachelor,39,2.0,4966.18,68.0,2022-10-06,No,4302.76,663.42,15.4,Within Expected Range,0.4842,Medium,0,No,0,"Short-Tenure, Lower-Income Employees"
583,Engineering,Software Engineer,Bachelor,35,7.0,4746.41,74.0,2017-12-15,No,5733.59,-987.18,-17.2,Within Expected Range,0.3568,Medium,0,No,1,"Established, Higher-Income Employees"
900,Sales,Account Rep,Master,45,2.0,4629.46,82.0,2022-05-17,No,5170.75,-541.29,-10.5,Within Expected Range,0.4861,Medium,0,Yes,0,"Short-Tenure, Lower-Income Employees"
661,Sales,Sales Executive,Bachelor,38,2.0,4392.07,64.0,2022-08-18,No,4451.82,-59.75,-1.3,Within Expected Range,0.6561,High,0,Yes,0,"Short-Tenure, Lower-Income Employees"
409,Sales,Sales Manager,High School,33,6.0,4193.69,63.0,2018-10-17,No,4434.46,-240.77,-5.4,Within Expected Range,0.3556,Medium,0,No,0,"Short-Tenure, Lower-Income Employees"
100,Engineering,Software Engineer,Bachelor,50,1.0,4243.07,64.0,2023-05-11,Yes,4249.47,-6.4,-0.2,Within Expected Range,0.5991,Medium,0,No,0,"Short-Tenure, Lower-Income Employees"
786,Engineering,Software Engineer,Bachelor,50,9.0,6458.52,70.0,2015-11-26,No,6244.36,214.16,3.4,Within Expected Range,0.3449,Low,0,No,1,"Established, Higher-Income Employees"
154,Marketing,Marketing Analyst,High School,42,2.0,2873.64,71.0,2022-12-18,No,3569.65,-696.01,-19.5,Within Expected Range,0.5916,Medium,0,No,0,"Short-Tenure, Lower-Income Employees"
47,HR,HR Manager,Master,25,12.0,7633.42,55.0,2012-02-08,No,7733.22,-99.8,-1.3,Within Expected Range,0.2436,Low,0,No,1,"Established, Higher-Income Employees"
5,Sales,Sales Manager,Master,56,2.6,5659.42,80.0,2024-07-25,Yes,5327.5,331.92,6.2,Within Expected Range,0.6086,Medium,0,No,0,"Short-Tenure, Lower-Income Employees"
173,Sales,Sales Manager,Master,38,2.0,4876.5,58.0,2022-07-07,No,5161.36,-284.86,-5.5,Within Expected Range,0.5672,Medium,0,No,0,"Short-Tenure, Lower-Income Employees"
966,Sales,Sales Executive,Bachelor,30,7.0,6996.87,77.0,2017-08-07,No,5692.66,1304.21,22.9,Within Expected Range,0.3679,Medium,0,Yes,1,"Established, Higher-Income Employees"
927,Marketing,Content Specialist,Bachelor,42,0.0,4490.99,57.0,2024-05-17,Yes,3722.04,768.95,20.7,Within Expected Range,0.5118,Medium,0,No,0,"Short-Tenure, Lower-Income Employees"
998,Sales,Account Rep,Bachelor,43,0.0,4061.57,87.0,2024-10-23,No,3810.67,250.9,6.6,Within Expected Range,0.4576,Medium,1,Yes,0,"Short-Tenure, Lower-Income Employees"
260,Engineering,QA Engineer,Bachelor,31,1.0,4066.44,73.0,2023-08-01,No,4164.08,-97.64,-2.3,Within Expected Range,0.4315,Medium,0,No,0,"Short-Tenure, Lower-Income Employees"
559,Sales,Sales Manager,PhD,27,10.0,8586.79,80.0,2014-06-06,No,8008.47,578.32,7.2,Within Expected Range,0.2306,Low,0,No,1,"Established, Higher-Income Employees"
233,Sales,Sales Manager,Bachelor,42,5.0,4501.98,77.0,2019-05-10,No,5053.82,-551.84,-10.9,Within Expected Range,0.4659,Medium,0,No,0,"Short-Tenure, Lower-Income Employees"
109,Finance,Accountant,Bachelor,47,1.0,4961.88,54.0,2023-06-22,Yes,4027.87,934.01,23.2,Within Expected Range,0.7096,High,0,No,0,"Short-Tenure, Lower-Income Employees"
855,Engineering,Senior Engineer,Bachelor,31,1.0,4300.9,82.0,2023-03-13,No,4149.3,151.6,3.7,Within Expected Range,0.6124,Medium,0,No,0,"Short-Tenure, Lower-Income Employees"
981,Marketing,Content Specialist,Master,48,0.0,4435.48,91.0,2024-05-20,No,4589.69,-154.21,-3.4,Within Expected Range,0.5778,Medium,1,No,0,"Short-Tenure, Lower-Income Employees"
99,Sales,Sales Executive,Master,41,7.2,5579.88,78.0,2021-01-06,No,6611.9,-1032.02,-15.6,Within Expected Range,0.5819,Medium,0,Yes,1,"Established, Higher-Income Employees"
766,HR,HR Manager,Master,29,2.0,5924.22,50.0,2022-07-12,Yes,5243.12,681.1,13.0,Within Expected Range,0.5113,Medium,0,No,0,"Short-Tenure, Lower-Income Employees"
834,Engineering,Software Engineer,Master,28,0.0,5443.1,79.0,2024-06-16,No,4843.18,599.92,12.4,Within Expected Range,0.4494,Medium,0,No,0,"Short-Tenure, Lower-Income Employees"
221,Finance,Financial Analyst,High School,28,7.0,4989.51,70.0,2017-10-13,No,4710.93,278.58,5.9,Within Expected Range,0.2779,Low,0,No,1,"Established, Higher-Income Employees"
358,Engineering,Senior Engineer,High School,25,8.0,5999.14,74.0,2016-02-13,No,5028.7,970.44,19.3,Within Expected Range,0.3143,Low,0,No,1,"Established, Higher-Income Employees"
972,Engineering,Software Engineer,Master,36,2.0,5678.76,70.0,2022-02-05,No,5347.77,330.99,6.2,Within Expected Range,0.4721,Medium,0,No,0,"Short-Tenure, Lower-Income Employees"
25,Sales,Sales Executive,Bachelor,29,8.0,5688.87,71.6,2016-06-19,No,5940.74,-251.87,-4.2,Within Expected Range,0.4183,Medium,0,Yes,1,"Established, Higher-Income Employees"
993,Engineering,Software Engineer,Bachelor,44,1.0,3872.68,71.0,2023-05-14,Yes,4245.01,-372.33,-8.8,Within Expected Range,0.5673,Medium,0,No,0,"Short-Tenure, Lower-Income Employees"
682,Engineering,QA Engineer,High School,24,0.4,2277.65,60.0,2024-01-09,No,3147.56,-869.91,-27.6,Within Expected Range,0.4346,Medium,0,No,0,"Short-Tenure, Lower-Income Employees"
385,Sales,Account Rep,Bachelor,32,1.2,3441.67,84.0,2023-11-18,No,4100.49,-658.82,-16.1,Within Expected Range,0.3985,Medium,0,Yes,0,"Short-Tenure, Lower-Income Employees"
95,Finance,Finance Manager,Bachelor,38,0.0,3512.89,70.0,2024-10-03,Yes,3810.22,-297.33,-7.8,Within Expected Range,0.5998,Medium,0,No,0,"Short-Tenure, Lower-Income Employees"
771,Marketing,Marketing Manager,Bachelor,21,1.0,4517.51,83.0,2023-07-22,No,4163.91,353.6,8.5,Within Expected Range,0.4475,Medium,0,Yes,0,"Short-Tenure, Lower-Income Employees"
114,Finance,Accountant,Master,45,2.8,5817.87,95.0,2022-06-26,No,5338.15,479.72,9.0,Within Expected Range,0.6413,Medium,1,No,0,"Short-Tenure, Lower-Income Employees"
126,Sales,Account Rep,PhD,28,0.0,6601.62,65.0,2024-01-12,No,5516.95,1084.67,19.7,Within Expected Range,0.3943,Medium,0,Yes,0,"Short-Tenure, Lower-Income Employees"
61,Marketing,Marketing Manager,Bachelor,56,0.0,2881.73,61.0,2024-12-02,Yes,3942.04,-1060.31,-26.9,Within Expected Range,0.7876,High,0,Yes,0,"Short-Tenure, Lower-Income Employees"
434,HR,HR Manager,Master,28,3.0,4855.43,79.0,2021-11-25,No,5493.72,-638.29,-11.6,Within Expected Range,0.5015,Medium,0,No,0,"Short-Tenure, Lower-Income Employees"
296,Engineering,QA Engineer,Master,29,5.0,7022.31,68.8,2019-05-10,No,6019.5,1002.81,16.7,Within Expected Range,0.2857,Low,0,No,1,"Established, Higher-Income Employees"
245,Marketing,Content Specialist,Bachelor,41,0.0,3737.51,100.0,2024-03-20,No,3724.37,13.14,0.4,Within Expected Range,0.482,Medium,1,No,0,"Short-Tenure, Lower-Income Employees"
681,HR,Recruiter,PhD,52,4.0,8960.84,90.0,2020-06-26,Yes,6724.66,2236.18,33.3,Above Expected,0.4668,Medium,1,Yes,1,"Established, Higher-Income Employees"
76,Finance,Accountant,Bachelor,21,2.0,4903.51,87.0,2022-07-03,Yes,4258.03,645.48,15.2,Within Expected Range,0.4793,Medium,1,No,0,"Short-Tenure, Lower-Income Employees"
899,Sales,Sales Executive,Bachelor,25,6.2,2901.76,73.0,2023-08-25,No,5488.78,-2587.02,-47.1,Below Expected,0.5643,Medium,0,Yes,0,"Short-Tenure, Lower-Income Employees"
427,Engineering,Senior Engineer,High School,25,3.0,5100.42,97.0,2021-10-26,No,3783.86,1316.56,34.8,Within Expected Range,0.4047,Medium,1,No,0,"Short-Tenure, Lower-Income Employees"
716,HR,HR Manager,High School,30,2.0,3888.19,67.0,2022-12-27,No,3524.85,363.34,10.3,Within Expected Range,0.4588,Medium,0,No,0,"Short-Tenure, Lower-Income Employees"
418,Sales,Account Rep,Bachelor,32,5.0,6136.66,88.0,2019-09-23,No,5048.14,1088.52,21.6,Within Expected Range,0.221,Low,1,Yes,1,"Established, Higher-Income Employees"
910,Sales,Sales Manager,Bachelor,44,2.0,3936.03,64.0,2022-02-15,No,4306.61,-370.58,-8.6,Within Expected Range,0.5787,Medium,0,No,0,"Short-Tenure, Lower-Income Employees"
390,Marketing,Marketing Manager,Master,33,0.0,4200.99,64.0,2024-02-25,No,4783.34,-582.35,-12.2,Within Expected Range,0.6581,High,0,Yes,0,"Short-Tenure, Lower-Income Employees"
54,Finance,Accountant,Master,26,3.0,5569.77,75.0,2021-10-23,No,5370.77,199.0,3.7,Within Expected Range,0.5507,Medium,0,No,0,"Short-Tenure, Lower-Income Employees"
844,HR,Recruiter,Bachelor,21,5.0,5051.16,66.0,2019-10-21,No,5226.13,-174.97,-3.3,Within Expected Range,0.3373,Low,0,Yes,0,"Short-Tenure, Lower-Income Employees"
351,Finance,Accountant,Bachelor,25,0.0,3603.93,80.0,2024-08-09,No,3762.22,-158.29,-4.2,Within Expected Range,0.6176,Medium,0,No,0,"Short-Tenure, Lower-Income Employees"
472,Sales,Sales Executive,Bachelor,44,1.0,4143.85,67.0,2023-04-02,Yes,4207.71,-63.86,-1.5,Within Expected Range,0.7144,High,0,Yes,0,"Short-Tenure, Lower-Income Employees"
532,Sales,Account Rep,PhD,52,2.0,7035.25,75.0,2022-08-09,No,6036.21,999.04,16.6,Within Expected Range,0.4897,Medium,0,Yes,1,"Established, Higher-Income Employees"
644,Sales,Sales Executive,High School,36,16.0,6919.47,74.0,2008-06-14,No,7081.0,-161.53,-2.3,Within Expected Range,0.2257,Low,0,Yes,1,"Established, Higher-Income Employees"
404,Marketing,Marketing Manager,Master,27,0.0,4935.97,51.0,2024-02-22,Yes,4777.41,158.56,3.3,Within Expected Range,0.6005,Medium,0,Yes,0,"Short-Tenure, Lower-Income Employees"
907,Engineering,QA Engineer,High School,21,0.0,3354.65,73.0,2024-06-16,No,3046.3,308.35,10.1,Within Expected Range,0.3492,Low,0,No,0,"Short-Tenure, Lower-Income Employees"
493,Finance,Finance Manager,Bachelor,39,4.0,4749.94,60.0,2020-06-04,No,4807.54,-57.6,-1.2,Within Expected Range,0.4899,Medium,0,No,0,"Short-Tenure, Lower-Income Employees"
376,HR,Recruiter,Bachelor,23,1.6,3106.69,69.0,2024-12-15,Yes,4380.37,-1273.68,-29.1,Within Expected Range,0.5007,Medium,0,Yes,0,"Short-Tenure, Lower-Income Employees"
913,Marketing,Marketing Manager,Bachelor,21,4.0,4226.73,77.0,2020-09-04,No,4911.39,-684.66,-13.9,Within Expected Range,0.4212,Medium,0,Yes,0,"Short-Tenure, Lower-Income Employees"
511,Sales,Sales Executive,PhD,31,0.0,5156.98,67.0,2024-03-03,No,5667.96,-510.98,-9.0,Within Expected Range,0.7261,High,0,Yes,0,"Short-Tenure, Lower-Income Employees"
98,Finance,Financial Analyst,Bachelor,30,2.0,3410.34,63.0,2022-10-18,No,4325.72,-915.38,-21.2,Within Expected Range,0.5243,Medium,0,No,0,"Short-Tenure, Lower-Income Employees"
286,Marketing,Marketing Analyst,Bachelor,29,0.0,3085.05,54.0,2024-04-27,Yes,3919.18,-834.13,-21.3,Within Expected Range,0.6177,Medium,0,No,0,"Short-Tenure, Lower-Income Employees"
783,Sales,Sales Executive,Master,30,2.2,4728.2,83.0,2024-04-25,Yes,5356.61,-628.41,-11.7,Within Expected Range,0.6251,Medium,0,Yes,0,"Short-Tenure, Lower-Income Employees"
740,Finance,Finance Manager,Master,37,1.0,4004.03,71.0,2023-08-12,No,4918.94,-914.91,-18.6,Within Expected Range,0.6187,Medium,0,No,0,"Short-Tenure, Lower-Income Employees"
499,Engineering,Senior Engineer,High School,25,6.0,4743.11,80.0,2018-10-06,No,4530.53,212.58,4.7,Within Expected Range,0.3977,Medium,0,No,1,"Established, Higher-Income Employees"
781,Finance,Finance Manager,Bachelor,21,2.0,4145.89,75.0,2022-06-19,No,4295.09,-149.2,-3.5,Within Expected Range,0.4086,Medium,0,No,0,"Short-Tenure, Lower-Income Employees"
18,Finance,Financial Analyst,Bachelor,34,7.0,5312.33,84.0,2017-04-11,No,5577.11,-264.78,-4.7,Within Expected Range,0.3426,Low,0,No,1,"Established, Higher-Income Employees"
197,Finance,Financial Analyst,Bachelor,25,2.0,4804.95,69.0,2022-06-12,No,4322.01,482.94,11.2,Within Expected Range,0.4082,Medium,0,No,0,"Short-Tenure, Lower-Income Employees"
27,Finance,Accountant,High School,51,5.0,4654.12,72.0,2019-01-24,No,4169.57,484.55,11.6,Within Expected Range,0.6013,Medium,0,No,0,"Short-Tenure, Lower-Income Employees"
729,HR,HR Manager,Master,30,2.0,4036.99,63.0,2022-08-27,No,5244.9,-1207.91,-23.0,Within Expected Range,0.5976,Medium,0,No,0,"Short-Tenure, Lower-Income Employees"
744,Sales,Account Rep,PhD,33,2.6,5132.78,39.0,2024-10-16,No,6167.38,-1034.6,-16.8,Within Expected Range,0.4989,Medium,0,Yes,0,"Short-Tenure, Lower-Income Employees"
345,Engineering,Software Engineer,Bachelor,39,0.0,2448.96,87.0,2024-04-20,No,3992.73,-1543.77,-38.7,Within Expected Range,0.5999,Medium,1,No,0,"Short-Tenure, Lower-Income Employees"
703,Marketing,Content Specialist,Master,35,6.0,4741.72,65.0,2018-04-06,No,6072.82,-1331.1,-21.9,Within Expected Range,0.4085,Medium,0,No,1,"Established, Higher-Income Employees"
190,Sales,Sales Executive,Master,36,1.8,5909.95,95.0,2020-05-03,No,5262.75,647.2,12.3,Within Expected Range,0.5957,Medium,1,Yes,0,"Short-Tenure, Lower-Income Employees"
743,Engineering,QA Engineer,Bachelor,44,3.0,3017.63,79.6,2021-01-26,No,4673.96,-1656.33,-35.4,Within Expected Range,0.5339,Medium,0,No,0,"Short-Tenure, Lower-Income Employees"
971,Engineering,Senior Engineer,Master,26,11.0,6364.49,71.0,2013-08-05,No,7497.57,-1133.08,-15.1,Within Expected Range,0.3903,Medium,0,No,1,"Established, Higher-Income Employees"
271,Sales,Sales Manager,High School,39,4.0,4892.35,76.0,2020-11-13,No,3941.78,950.57,24.1,Within Expected Range,0.3743,Medium,0,No,0,"Short-Tenure, Lower-Income Employees"
807,Marketing,Marketing Analyst,Master,28,0.0,5213.31,81.0,2024-02-13,No,4780.5,432.81,9.1,Within Expected Range,0.5327,Medium,0,No,0,"Short-Tenure, Lower-Income Employees"
813,Sales,Sales Manager,High School,36,1.0,3350.23,48.0,2023-10-25,Yes,3189.32,160.91,5.0,Within Expected Range,0.5232,Medium,0,No,0,"Short-Tenure, Lower-Income Employees"
779,HR,HR Manager,Bachelor,31,0.0,2858.12,88.0,2024-02-08,No,3888.79,-1030.67,-26.5,Within Expected Range,0.5932,Medium,1,No,0,"Short-Tenure, Lower-Income Employees"
796,Sales,Account Rep,Master,40,4.0,6735.44,84.0,2020-02-14,No,5665.35,1070.09,18.9,Within Expected Range,0.3129,Low,0,Yes,1,"Established, Higher-Income Employees"
352,HR,HR Manager,High School,33,7.0,4546.1,46.0,2017-08-09,No,4772.33,-226.23,-4.7,Within Expected Range,0.3927,Medium,0,No,1,"Established, Higher-Income Employees"
386,Engineering,Software Engineer,Bachelor,26,1.0,3938.53,51.0,2023-11-06,Yes,4228.6,-290.07,-6.9,Within Expected Range,0.4672,Medium,0,No,0,"Short-Tenure, Lower-Income Employees"
753,Engineering,QA Engineer,Bachelor,42,0.0,4283.25,79.0,2024-03-04,No,3924.34,358.91,9.1,Within Expected Range,0.505,Medium,0,No,0,"Short-Tenure, Lower-Income Employees"
792,Engineering,Software Engineer,High School,30,6.0,4985.44,93.0,2018-07-04,No,4621.36,364.08,7.9,Within Expected Range,0.2484,Low,1,No,1,"Established, Higher-Income Employees"
732,Engineering,Senior Engineer,Master,32,6.0,6008.74,61.0,2018-01-21,No,6255.29,-246.55,-3.9,Within Expected Range,0.5483,Medium,0,No,1,"Established, Higher-Income Employees"
263,Marketing,Marketing Analyst,Bachelor,37,0.0,3775.87,76.0,2024-02-26,No,3927.43,-151.56,-3.9,Within Expected Range,0.6061,Medium,0,No,0,"Short-Tenure, Lower-Income Employees"
841,Engineering,QA Engineer,High School,33,0.0,2756.01,75.0,2024-08-01,No,3056.41,-300.4,-9.8,Within Expected Range,0.4571,Medium,0,No,0,"Short-Tenure, Lower-Income Employees"
75,Engineering,QA Engineer,High School,45,2.0,2103.84,86.0,2022-01-08,No,3565.79,-1461.95,-41.0,Within Expected Range,0.5256,Medium,1,No,0,"Short-Tenure, Lower-Income Employees"
169,Engineering,Software Engineer,Bachelor,50,4.4,5670.02,64.0,2020-01-14,No,5097.11,572.91,11.2,Within Expected Range,0.4678,Medium,0,No,1,"Established, Higher-Income Employees"
650,Marketing,Marketing Manager,Bachelor,32,5.0,5979.48,53.0,2019-08-09,No,5168.06,811.42,15.7,Within Expected Range,0.4239,Medium,0,Yes,1,"Established, Higher-Income Employees"
563,Marketing,Marketing Analyst,Bachelor,44,0.0,4205.86,92.0,2024-02-16,No,3934.42,271.44,6.9,Within Expected Range,0.6091,Medium,1,No,0,"Short-Tenure, Lower-Income Employees"
660,Finance,Financial Analyst,Bachelor,35,16.0,7428.22,73.0,2008-07-27,No,7820.89,-392.67,-5.0,Within Expected Range,0.1659,Low,0,No,1,"Established, Higher-Income Employees"
730,Marketing,Marketing Analyst,Master,26,1.0,4293.99,71.0,2023-04-13,No,5027.41,-733.42,-14.6,Within Expected Range,0.5644,Medium,0,No,0,"Short-Tenure, Lower-Income Employees"
554,Finance,Accountant,Bachelor,36,5.0,4584.35,64.0,2019-09-07,No,5016.7,-432.35,-8.6,Within Expected Range,0.5831,Medium,0,No,0,"Short-Tenure, Lower-Income Employees"
307,Sales,Account Rep,Master,33,6.0,5149.56,59.0,2018-12-23,Yes,6156.32,-1006.76,-16.4,Within Expected Range,0.3455,Low,0,Yes,1,"Established, Higher-Income Employees"
926,Engineering,Senior Engineer,Bachelor,38,4.0,4488.74,74.0,2020-04-27,No,4902.44,-413.7,-8.4,Within Expected Range,0.6125,Medium,0,No,0,"Short-Tenure, Lower-Income Employees"
962,Engineering,Software Engineer,Bachelor,30,1.0,4966.99,53.0,2023-05-06,No,4232.06,734.93,17.4,Within Expected Range,0.4384,Medium,0,No,0,"Short-Tenure, Lower-Income Employees"
758,Engineering,Senior Engineer,Bachelor,31,4.0,4593.37,85.0,2020-08-02,No,4897.44,-304.07,-6.2,Within Expected Range,0.5438,Medium,1,No,0,"Short-Tenure, Lower-Income Employees"
897,Engineering,QA Engineer,Bachelor,21,0.0,4477.65,61.0,2024-09-15,No,3905.59,572.06,14.6,Within Expected Range,0.3763,Medium,0,No,0,"Short-Tenure, Lower-Income Employees"
791,Finance,Finance Manager,Bachelor,52,5.0,7384.53,66.0,2014-08-02,No,5068.07,2316.46,45.7,Above Expected,0.4174,Medium,0,No,1,"Established, Higher-Income Employees"
642,Engineering,Software Engineer,Bachelor,28,7.0,6092.24,72.0,2017-04-26,Yes,5727.64,364.6,6.4,Within Expected Range,0.2578,Low,0,No,1,"Established, Higher-Income Employees"
503,Engineering,Senior Engineer,Master,30,4.0,4860.54,69.0,2020-03-26,No,5755.6,-895.06,-15.6,Within Expected Range,0.615,Medium,0,No,0,"Short-Tenure, Lower-Income Employees"
309,Finance,Accountant,Bachelor,31,0.0,4045.58,92.0,2024-12-06,No,3768.08,277.5,7.4,Within Expected Range,0.6189,Medium,1,No,0,"Short-Tenure, Lower-Income Employees"
111,HR,HR Manager,Master,29,4.0,5114.43,68.0,2024-12-20,No,5743.05,-628.62,-10.9,Within Expected Range,0.494,Medium,0,No,0,"Short-Tenure, Lower-Income Employees"
526,Sales,Sales Manager,Bachelor,30,0.0,4613.56,66.0,2024-01-05,No,3796.53,817.03,21.5,Within Expected Range,0.4765,Medium,0,No,0,"Short-Tenure, Lower-Income Employees"
870,Sales,Sales Manager,Master,37,0.0,3732.71,95.0,2024-08-09,Yes,4664.64,-931.93,-20.0,Within Expected Range,0.5995,Medium,1,No,0,"Short-Tenure, Lower-Income Employees"
58,HR,Recruiter,PhD,42,1.0,5640.02,66.0,2023-08-23,Yes,5966.68,-326.66,-5.5,Within Expected Range,0.6522,High,0,Yes,0,"Short-Tenure, Lower-Income Employees"
651,HR,Recruiter,Bachelor,32,2.0,3548.07,76.0,2022-01-02,No,4488.08,-940.01,-20.9,Within Expected Range,0.5236,Medium,0,Yes,0,"Short-Tenure, Lower-Income Employees"
7,Finance,Finance Manager,Master,41,0.0,5343.6,61.0,2024-08-12,No,4672.22,671.38,14.4,Within Expected Range,0.6082,Medium,0,No,0,"Short-Tenure, Lower-Income Employees"
139,HR,HR Manager,Bachelor,37,1.0,4781.47,74.0,2023-05-01,No,4142.04,639.43,15.4,Within Expected Range,0.5385,Medium,0,No,0,"Short-Tenure, Lower-Income Employees"
164,Engineering,Software Engineer,Bachelor,28,5.0,4399.43,74.0,2019-07-12,No,5229.17,-829.74,-15.9,Within Expected Range,0.3596,Medium,0,No,0,"Short-Tenure, Lower-Income Employees"
359,Finance,Finance Manager,Bachelor,33,0.0,3986.88,48.0,2024-01-17,No,3804.45,182.43,4.8,Within Expected Range,0.5726,Medium,0,No,0,"Short-Tenure, Lower-Income Employees"
839,Sales,Sales Manager,High School,38,0.0,3077.86,82.0,2024-11-11,No,2944.17,133.69,4.5,Within Expected Range,0.5191,Medium,0,No,0,"Short-Tenure, Lower-Income Employees"
44,Finance,Accountant,High School,23,2.0,2704.85,80.0,2022-03-06,Yes,3399.0,-694.15,-20.4,Within Expected Range,0.5481,Medium,0,No,0,"Short-Tenure, Lower-Income Employees"
616,Engineering,QA Engineer,Bachelor,33,8.0,7094.9,85.0,2016-03-03,No,5911.76,1183.14,20.0,Within Expected Range,0.1976,Low,1,No,1,"Established, Higher-Income Employees"
64,Sales,Account Rep,Bachelor,37,1.0,5088.4,81.0,2023-08-14,No,4054.56,1033.84,25.5,Within Expected Range,0.3572,Medium,0,Yes,0,"Short-Tenure, Lower-Income Employees"
592,HR,HR Manager,Bachelor,35,1.0,4195.57,80.0,2023-06-25,Yes,4140.82,54.75,1.3,Within Expected Range,0.5465,Medium,0,No,0,"Short-Tenure, Lower-Income Employees"
587,Marketing,Marketing Manager,Master,29,2.0,6011.45,67.0,2022-07-16,No,5278.85,732.6,13.9,Within Expected Range,0.5021,Medium,0,Yes,0,"Short-Tenure, Lower-Income Employees"
39,Engineering,Senior Engineer,High School,43,11.0,5338.26,63.0,2013-06-07,No,5790.75,-452.49,-7.8,Within Expected Range,0.4316,Medium,0,No,1,"Established, Higher-Income Employees"
400,Engineering,QA Engineer,High School,40,5.0,5503.43,81.0,2019-06-13,No,4309.19,1194.24,27.7,Within Expected Range,0.2834,Low,0,No,1,"Established, Higher-Income Employees"
787,Marketing,Marketing Analyst,Bachelor,24,3.0,4754.93,70.0,2021-11-18,No,4664.12,90.81,1.9,Within Expected Range,0.4236,Medium,0,No,0,"Short-Tenure, Lower-Income Employees"
889,Finance,Accountant,Master,55,4.0,5430.78,62.0,2020-10-08,No,5643.19,-212.41,-3.8,Within Expected Range,0.7415,High,0,No,0,"Short-Tenure, Lower-Income Employees"
984,Engineering,Software Engineer,Bachelor,33,3.0,5403.57,57.0,2021-07-13,Yes,4733.46,670.11,14.2,Within Expected Range,0.3979,Medium,0,No,0,"Short-Tenure, Lower-Income Employees"
205,Sales,Sales Manager,Master,38,3.0,6313.86,61.0,2021-05-21,No,5410.89,902.97,16.7,Within Expected Range,0.4706,Medium,0,No,1,"Established, Higher-Income Employees"
421,Sales,Sales Manager,Bachelor,31,4.0,5376.78,67.0,2020-11-21,No,4794.65,582.13,12.1,Within Expected Range,0.3767,Medium,0,No,0,"Short-Tenure, Lower-Income Employees"
961,Marketing,Content Specialist,High School,41,3.0,2981.51,67.0,2021-01-06,No,3609.69,-628.18,-17.4,Within Expected Range,0.4481,Medium,0,No,0,"Short-Tenure, Lower-Income Employees"
863,Finance,Accountant,Master,41,2.0,4123.68,68.0,2022-03-04,Yes,5133.4,-1009.72,-19.7,Within Expected Range,0.7383,High,0,No,0,"Short-Tenure, Lower-Income Employees"
285,Sales,Sales Manager,High School,40,13.0,4143.54,74.0,2011-02-13,Yes,6186.22,-2042.68,-33.0,Below Expected,0.2838,Low,0,No,1,"Established, Higher-Income Employees"
453,HR,HR Specialist,PhD,39,0.0,4235.65,65.0,2024-01-18,No,5612.7,-1377.04,-24.5,Within Expected Range,0.5715,Medium,0,Yes,0,"Short-Tenure, Lower-Income Employees"
789,Marketing,Marketing Manager,High School,33,10.0,5458.09,91.0,2014-09-06,No,5558.04,-99.95,-1.8,Within Expected Range,0.2665,Low,1,Yes,1,"Established, Higher-Income Employees"
497,Sales,Sales Manager,High School,32,3.0,4181.01,51.0,2021-01-26,No,3684.83,496.18,13.5,Within Expected Range,0.4141,Medium,0,No,0,"Short-Tenure, Lower-Income Employees"
419,Marketing,Content Specialist,Master,24,4.0,4836.05,60.0,2020-04-21,No,5564.71,-728.66,-13.1,Within Expected Range,0.3696,Medium,0,No,0,"Short-Tenure, Lower-Income Employees"
473,Engineering,Senior Engineer,Bachelor,36,16.0,8149.43,85.0,2008-09-08,No,7893.26,256.17,3.2,Within Expected Range,0.2234,Low,1,No,1,"Established, Higher-Income Employees"
186,Finance,Finance Manager,Bachelor,36,3.0,5773.67,74.0,2021-05-03,No,4556.77,1216.9,26.7,Within Expected Range,0.4124,Medium,0,No,0,"Short-Tenure, Lower-Income Employees"
969,Engineering,QA Engineer,Bachelor,39,4.0,5032.3,65.0,2020-03-22,No,4918.05,114.25,2.3,Within Expected Range,0.3986,Medium,0,No,0,"Short-Tenure, Lower-Income Employees"
633,Engineering,QA Engineer,PhD,24,0.0,5383.96,82.0,2024-04-04,No,5629.97,-246.01,-4.4,Within Expected Range,0.4587,Medium,0,No,0,"Short-Tenure, Lower-Income Employees"
857,Sales,Sales Manager,PhD,33,7.0,7391.16,90.0,2023-08-20,Yes,7266.27,124.89,1.7,Within Expected Range,0.3453,Low,1,No,1,"Established, Higher-Income Employees"
873,Sales,Account Rep,Master,50,2.0,6077.39,81.0,2022-04-15,No,5174.82,902.57,17.4,Within Expected Range,0.4465,Medium,0,Yes,0,"Short-Tenure, Lower-Income Employees"
229,Engineering,Software Engineer,Bachelor,44,0.0,4159.57,68.0,2024-04-02,No,3995.48,164.09,4.1,Within Expected Range,0.5733,Medium,0,No,0,"Short-Tenure, Lower-Income Employees"
548,Sales,Account Rep,Bachelor,38,6.0,5109.09,84.0,2018-10-27,No,5302.13,-193.04,-3.6,Within Expected Range,0.285,Low,0,Yes,1,"Established, Higher-Income Employees"
858,HR,HR Specialist,Master,22,1.0,4892.75,87.0,2023-10-15,No,4989.34,-96.59,-1.9,Within Expected Range,0.3085,Low,1,Yes,0,"Short-Tenure, Lower-Income Employees"
368,Sales,Sales Executive,Bachelor,24,2.0,3762.47,67.0,2022-02-04,No,4440.42,-677.95,-15.3,Within Expected Range,0.5911,Medium,0,Yes,0,"Short-Tenure, Lower-Income Employees"
62,Engineering,Software Engineer,High School,30,0.0,4075.45,64.0,2024-01-05,No,3123.4,952.05,30.5,Within Expected Range,0.4157,Medium,0,No,0,"Short-Tenure, Lower-Income Employees"
627,Finance,Financial Analyst,Bachelor,30,2.0,3516.45,55.0,2022-02-07,No,4325.13,-808.68,-18.7,Within Expected Range,0.5303,Medium,0,No,0,"Short-Tenure, Lower-Income Employees"
597,Sales,Sales Executive,Bachelor,40,3.0,4398.56,80.0,2021-05-20,Yes,4703.96,-305.4,-6.5,Within Expected Range,0.6318,Medium,0,Yes,0,"Short-Tenure, Lower-Income Employees"
508,Engineering,Software Engineer,High School,28,0.0,2870.52,73.0,2024-07-01,No,3122.4,-251.88,-8.1,Within Expected Range,0.4514,Medium,0,No,0,"Short-Tenure, Lower-Income Employees"
545,Engineering,QA Engineer,High School,42,8.0,5236.43,93.0,2016-01-17,No,5059.65,176.78,3.5,Within Expected Range,0.252,Low,1,No,1,"Established, Higher-Income Employees"
596,Sales,Account Rep,Master,21,1.0,4674.84,86.0,2023-12-05,No,4901.82,-226.98,-4.6,Within Expected Range,0.3332,Low,1,Yes,0,"Short-Tenure, Lower-Income Employees"
748,Sales,Sales Manager,Bachelor,53,3.0,6276.68,60.0,2021-10-22,No,4563.09,1713.59,37.6,Above Expected,0.5081,Medium,0,No,1,"Established, Higher-Income Employees"
455,Engineering,Software Engineer,High School,30,2.0,3422.45,62.0,2022-05-08,No,3621.86,-199.41,-5.5,Within Expected Range,0.4191,Medium,0,No,0,"Short-Tenure, Lower-Income Employees"
254,Sales,Account Rep,Bachelor,30,0.0,4038.49,88.0,2024-10-22,No,3799.95,238.54,6.3,Within Expected Range,0.3692,Medium,1,Yes,0,"Short-Tenure, Lower-Income Employees"
138,Sales,Account Rep,Bachelor,37,1.0,3996.37,100.0,2023-03-07,No,4055.95,-59.58,-1.5,Within Expected Range,0.3851,Medium,1,Yes,0,"Short-Tenure, Lower-Income Employees"
515,Sales,Sales Manager,Master,33,2.0,5358.85,86.0,2022-03-12,No,5159.27,199.58,3.9,Within Expected Range,0.4665,Medium,1,No,0,"Short-Tenure, Lower-Income Employees"
710,Sales,Sales Manager,Master,26,2.0,6275.68,57.0,2022-05-03,No,5151.33,1124.35,21.8,Within Expected Range,0.4121,Medium,0,No,0,"Short-Tenure, Lower-Income Employees"
436,Sales,Sales Manager,High School,27,1.0,3741.84,60.0,2023-12-22,No,3182.73,559.11,17.6,Within Expected Range,0.4227,Medium,0,No,0,"Short-Tenure, Lower-Income Employees"
571,Sales,Sales Manager,High School,39,1.0,3279.81,76.0,2023-06-01,No,3193.87,85.94,2.7,Within Expected Range,0.5073,Medium,0,No,0,"Short-Tenure, Lower-Income Employees"
110,Engineering,QA Engineer,PhD,36,2.0,5586.4,91.0,2022-06-11,No,6139.2,-552.8,-9.0,Within Expected Range,0.4852,Medium,1,No,0,"Short-Tenure, Lower-Income Employees"
678,Engineering,QA Engineer,Bachelor,36,2.0,4568.84,86.0,2022-02-07,No,4418.49,150.35,3.4,Within Expected Range,0.405,Medium,1,No,0,"Short-Tenure, Lower-Income Employees"
361,Marketing,Content Specialist,Master,30,3.0,4103.02,67.0,2021-10-26,Yes,5320.9,-1217.88,-22.9,Within Expected Range,0.454,Medium,0,No,0,"Short-Tenure, Lower-Income Employees"
337,Engineering,Senior Engineer,High School,24,8.0,3413.12,75.0,2016-10-18,No,5027.94,-1614.82,-32.1,Within Expected Range,0.4331,Medium,0,No,0,"Short-Tenure, Lower-Income Employees"
611,Engineering,QA Engineer,Bachelor,39,0.0,3465.32,69.0,2024-04-15,No,3921.12,-455.8,-11.6,Within Expected Range,0.5414,Medium,0,No,0,"Short-Tenure, Lower-Income Employees"
701,Sales,Sales Manager,PhD,28,1.0,5960.02,100.0,2023-05-20,No,5767.02,193.0,3.3,Within Expected Range,0.4674,Medium,1,No,0,"Short-Tenure, Lower-Income Employees"
320,Engineering,Senior Engineer,Master,32,1.0,6245.42,83.0,2023-02-06,No,5010.37,1235.05,24.6,Within Expected Range,0.5877,Medium,0,No,0,"Short-Tenure, Lower-Income Employees"
614,Finance,Financial Analyst,Master,21,0.0,5447.04,72.0,2024-09-07,No,4680.48,766.56,16.4,Within Expected Range,0.446,Medium,0,No,0,"Short-Tenure, Lower-Income Employees"
397,Sales,Account Rep,High School,31,6.0,4812.62,74.0,2018-01-13,No,4435.42,377.2,8.5,Within Expected Range,0.2176,Low,0,Yes,1,"Established, Higher-Income Employees"
149,Sales,Sales Executive,PhD,39,0.0,5586.94,72.0,2024-03-05,No,5674.97,-88.03,-1.6,Within Expected Range,0.7465,High,0,Yes,0,"Short-Tenure, Lower-Income Employees"
794,Sales,Account Rep,Master,21,0.0,4931.76,61.0,2024-08-04,No,4650.67,281.09,6.0,Within Expected Range,0.3694,Medium,0,Yes,0,"Short-Tenure, Lower-Income Employees"
685,HR,HR Manager,High School,48,4.0,3361.45,64.0,2020-05-23,No,4038.18,-676.73,-16.8,Within Expected Range,0.5824,Medium,0,No,0,"Short-Tenure, Lower-Income Employees"
541,Finance,Finance Manager,Master,37,0.0,4800.51,83.0,2024-09-15,No,4670.52,129.99,2.8,Within Expected Range,0.5779,Medium,0,No,0,"Short-Tenure, Lower-Income Employees"
159,Sales,Account Rep,Master,32,12.0,7662.64,83.0,2012-04-12,No,7653.09,9.55,0.1,Within Expected Range,0.1491,Low,0,Yes,1,"Established, Higher-Income Employees"
929,HR,Recruiter,Bachelor,35,0.0,4076.77,83.0,2024-04-18,No,3992.47,84.3,2.1,Within Expected Range,0.5404,Medium,0,Yes,0,"Short-Tenure, Lower-Income Employees"
483,Sales,Sales Executive,High School,31,1.0,2168.56,85.0,2023-12-26,No,3338.08,-1169.52,-35.0,Within Expected Range,0.6409,Medium,1,Yes,0,"Short-Tenure, Lower-Income Employees"
570,Engineering,QA Engineer,Bachelor,42,9.0,5940.08,82.0,2015-07-20,No,6168.31,-228.23,-3.7,Within Expected Range,0.2777,Low,0,No,1,"Established, Higher-Income Employees"
494,Sales,Sales Manager,Bachelor,29,2.0,5387.67,67.0,2022-04-04,No,4294.38,1093.29,25.5,Within Expected Range,0.395,Medium,0,No,0,"Short-Tenure, Lower-Income Employees"
24,Finance,Financial Analyst,High School,25,3.0,3374.84,51.0,2021-08-13,No,3709.82,-334.98,-9.0,Within Expected Range,0.4212,Medium,0,No,0,"Short-Tenure, Lower-Income Employees"
690,HR,HR Manager,Bachelor,41,1.0,3514.78,76.0,2023-05-12,No,4145.51,-630.73,-15.2,Within Expected Range,0.6275,Medium,0,No,0,"Short-Tenure, Lower-Income Employees"
129,Finance,Finance Manager,Bachelor,34,0.0,3213.66,58.0,2024-05-19,No,3806.02,-592.36,-15.6,Within Expected Range,0.6047,Medium,0,No,0,"Short-Tenure, Lower-Income Employees"
862,Finance,Finance Manager,Bachelor,39,2.0,4344.47,75.0,2022-10-19,No,4310.03,34.44,0.8,Within Expected Range,0.5232,Medium,0,No,0,"Short-Tenure, Lower-Income Employees"
973,Sales,Account Rep,Bachelor,32,8.0,5960.8,62.0,2016-08-02,No,5794.15,166.65,2.9,Within Expected Range,0.2184,Low,0,Yes,1,"Established, Higher-Income Employees"
325,Finance,Finance Manager,High School,35,3.0,3793.31,74.0,2021-01-20,No,3695.77,97.54,2.6,Within Expected Range,0.438,Medium,0,No,0,"Short-Tenure, Lower-Income Employees"
903,Sales,Sales Executive,Bachelor,50,2.0,3795.12,81.0,2022-10-08,No,4463.03,-667.91,-15.0,Within Expected Range,0.7329,High,0,Yes,0,"Short-Tenure, Lower-Income Employees"
512,Engineering,Software Engineer,PhD,41,2.0,3989.55,69.0,2022-05-13,No,6212.02,-2222.47,-35.8,Below Expected,0.6625,High,0,No,0,"Short-Tenure, Lower-Income Employees"
363,Finance,Finance Manager,Master,41,9.0,5415.39,76.0,2015-08-07,No,6917.07,-1501.68,-21.7,Within Expected Range,0.4325,Medium,0,No,1,"Established, Higher-Income Employees"
953,Finance,Finance Manager,Bachelor,31,1.0,2807.93,82.0,2023-04-14,No,4054.6,-1246.67,-30.7,Within Expected Range,0.5546,Medium,0,No,0,"Short-Tenure, Lower-Income Employees"
468,Engineering,QA Engineer,Bachelor,33,1.0,4754.32,83.0,2023-07-07,No,4166.47,587.85,14.1,Within Expected Range,0.3959,Medium,0,No,0,"Short-Tenure, Lower-Income Employees"
715,HR,HR Specialist,Master,26,0.0,5301.07,65.0,2024-03-03,No,4741.74,559.33,11.8,Within Expected Range,0.3577,Medium,0,Yes,0,"Short-Tenure, Lower-Income Employees"
847,Engineering,Senior Engineer,High School,47,7.0,4892.69,46.0,2017-05-05,Yes,4795.59,97.1,2.0,Within Expected Range,0.5745,Medium,0,No,1,"Established, Higher-Income Employees"
759,Sales,Account Rep,Master,44,3.0,4213.75,84.0,2021-08-22,No,5419.37,-1205.62,-22.2,Within Expected Range,0.4811,Medium,0,Yes,0,"Short-Tenure, Lower-Income Employees"
831,HR,HR Manager,High School,41,2.0,3869.78,61.0,2022-05-04,No,3533.54,336.24,9.5,Within Expected Range,0.5454,Medium,0,No,0,"Short-Tenure, Lower-Income Employees"
680,Sales,Sales Executive,Bachelor,30,1.0,4274.84,56.0,2023-09-07,No,4195.29,79.55,1.9,Within Expected Range,0.6366,Medium,0,Yes,0,"Short-Tenure, Lower-Income Employees"
420,Engineering,Senior Engineer,PhD,30,3.0,6889.94,80.0,2021-11-17,No,6367.28,522.66,8.2,Within Expected Range,0.5815,Medium,0,No,1,"Established, Higher-Income Employees"
527,Sales,Account Rep,Bachelor,26,6.0,5745.77,56.0,2018-01-14,No,5290.12,455.65,8.6,Within Expected Range,0.2266,Low,0,Yes,1,"Established, Higher-Income Employees"
610,Sales,Sales Manager,Bachelor,32,3.8,5261.17,60.0,2023-03-08,No,4745.11,516.06,10.9,Within Expected Range,0.4021,Medium,0,No,0,"Short-Tenure, Lower-Income Employees"
250,Engineering,Software Engineer,Bachelor,34,7.0,6578.79,59.0,2017-10-04,No,5731.66,847.13,14.8,Within Expected Range,0.2858,Low,0,No,1,"Established, Higher-Income Employees"
380,Engineering,QA Engineer,Master,41,2.0,3200.49,72.2,2022-01-04,Yes,5281.8,-2081.31,-39.4,Below Expected,0.6007,Medium,0,No,0,"Short-Tenure, Lower-Income Employees"
16,Sales,Account Rep,Bachelor,29,0.0,3275.93,90.0,2024-01-11,No,3799.27,-523.34,-13.8,Within Expected Range,0.3978,Medium,1,Yes,0,"Short-Tenure, Lower-Income Employees"
160,Engineering,Software Engineer,Bachelor,33,6.0,4621.28,76.0,2018-08-18,No,5482.77,-861.49,-15.7,Within Expected Range,0.3629,Medium,0,No,1,"Established, Higher-Income Employees"
645,HR,HR Specialist,Bachelor,43,1.0,5005.08,61.8,2023-04-10,No,4144.74,860.34,20.8,Within Expected Range,0.4062,Medium,0,Yes,0,"Short-Tenure, Lower-Income Employees"
49,Sales,Account Rep,Master,35,3.0,5591.27,81.0,2021-02-20,No,5411.68,179.59,3.3,Within Expected Range,0.3542,Medium,0,Yes,0,"Short-Tenure, Lower-Income Employees"
990,Engineering,Software Engineer,PhD,45,9.0,7908.56,60.0,2015-04-12,No,7959.82,-51.26,-0.6,Within Expected Range,0.3869,Medium,0,No,1,"Established, Higher-Income Employees"
412,Sales,Sales Manager,Bachelor,29,0.0,3934.17,56.0,2024-03-22,No,3794.96,139.21,3.7,Within Expected Range,0.5198,Medium,0,No,0,"Short-Tenure, Lower-Income Employees"
378,Engineering,Senior Engineer,PhD,34,0.0,7893.31,79.0,2024-11-16,Yes,5622.61,2270.7,40.4,Above Expected,0.608,Medium,0,No,1,"Established, Higher-Income Employees"
295,Marketing,Marketing Analyst,Master,25,0.0,4624.26,86.0,2024-12-16,No,4778.38,-154.12,-3.2,Within Expected Range,0.5354,Medium,1,No,0,"Short-Tenure, Lower-Income Employees"
568,Engineering,QA Engineer,High School,26,8.0,5163.99,66.0,2016-04-08,No,5044.38,119.61,2.4,Within Expected Range,0.2035,Low,0,No,1,"Established, Higher-Income Employees"
128,Engineering,Software Engineer,High School,30,0.0,3550.44,80.0,2024-03-06,No,3124.57,425.87,13.6,Within Expected Range,0.42,Medium,0,No,0,"Short-Tenure, Lower-Income Employees"
298,HR,HR Specialist,PhD,35,6.0,8278.29,91.0,2018-11-18,Yes,7107.12,1171.17,16.5,Within Expected Range,0.2256,Low,1,Yes,1,"Established, Higher-Income Employees"
997,Marketing,Content Specialist,Bachelor,35,7.0,5706.21,65.0,2017-07-22,No,5461.95,244.26,4.5,Within Expected Range,0.2839,Low,0,No,1,"Established, Higher-Income Employees"
238,Engineering,QA Engineer,Master,35,1.0,5278.04,92.0,2023-02-26,Yes,5028.97,249.07,5.0,Within Expected Range,0.4391,Medium,1,No,0,"Short-Tenure, Lower-Income Employees"
168,Marketing,Marketing Manager,Bachelor,21,4.0,5639.91,65.0,2020-07-07,No,4910.51,729.4,14.9,Within Expected Range,0.3669,Medium,0,Yes,1,"Established, Higher-Income Employees"
893,Finance,Financial Analyst,Master,26,2.0,3975.2,54.0,2022-09-24,No,5181.91,-1206.71,-23.3,Within Expected Range,0.5505,Medium,0,No,0,"Short-Tenure, Lower-Income Employees"
447,HR,HR Manager,PhD,35,1.0,6641.31,70.0,2023-08-09,No,5860.43,780.88,13.3,Within Expected Range,0.574,Medium,0,No,0,"Short-Tenure, Lower-Income Employees"
81,Engineering,Senior Engineer,High School,51,1.0,3577.73,74.0,2023-10-13,No,3305.14,272.59,8.2,Within Expected Range,0.7177,High,0,No,0,"Short-Tenure, Lower-Income Employees"
876,Sales,Sales Executive,High School,33,1.0,3336.23,76.0,2023-03-23,No,3339.07,-2.84,-0.1,Within Expected Range,0.6087,Medium,0,Yes,0,"Short-Tenure, Lower-Income Employees"
942,Engineering,Senior Engineer,Bachelor,24,0.0,3940.74,58.0,2024-10-22,No,3892.42,48.32,1.2,Within Expected Range,0.6328,Medium,0,No,0,"Short-Tenure, Lower-Income Employees"
938,Sales,Sales Executive,Master,27,0.0,4791.36,60.0,2024-02-18,No,4803.96,-12.6,-0.3,Within Expected Range,0.6674,High,0,Yes,0,"Short-Tenure, Lower-Income Employees"
31,Sales,Sales Manager,Bachelor,34,3.0,5065.93,83.0,2021-02-17,No,4549.01,516.92,11.4,Within Expected Range,0.4063,Medium,0,No,0,"Short-Tenure, Lower-Income Employees"
243,Finance,Accountant,PhD,37,1.0,6745.72,69.0,2023-04-24,No,5741.02,1004.7,17.5,Within Expected Range,0.6723,High,0,No,0,"Short-Tenure, Lower-Income Employees"
672,HR,HR Manager,Master,36,1.0,5875.6,65.0,2023-10-02,No,5000.72,874.88,17.5,Within Expected Range,0.5578,Medium,0,No,0,"Short-Tenure, Lower-Income Employees"
741,Engineering,QA Engineer,Bachelor,32,9.0,6951.11,86.0,2015-02-25,Yes,6160.31,790.8,12.8,Within Expected Range,0.1866,Low,1,No,1,"Established, Higher-Income Employees"
572,Sales,Sales Executive,Bachelor,38,5.0,5179.94,60.0,2019-10-01,No,5199.44,-19.51,-0.4,Within Expected Range,0.5745,Medium,0,Yes,1,"Established, Higher-Income Employees"
776,Engineering,QA Engineer,Master,37,2.0,5811.11,74.0,2022-06-27,No,5278.61,532.5,10.1,Within Expected Range,0.4343,Medium,0,No,0,"Short-Tenure, Lower-Income Employees"
579,Marketing,Content Specialist,Bachelor,48,1.0,4805.2,53.0,2023-08-07,Yes,3976.03,829.18,20.9,Within Expected Range,0.5262,Medium,0,No,0,"Short-Tenure, Lower-Income Employees"
706,Engineering,Senior Engineer,Bachelor,39,4.6,6357.09,81.0,2019-06-27,No,5053.37,1303.72,25.8,Within Expected Range,0.5027,Medium,0,No,1,"Established, Higher-Income Employees"
28,Sales,Account Rep,Bachelor,37,0.0,4318.51,63.0,2024-10-01,Yes,3803.93,514.59,13.5,Within Expected Range,0.4371,Medium,0,Yes,0,"Short-Tenure, Lower-Income Employees"
578,Finance,Finance Manager,Bachelor,34,0.0,2961.82,56.0,2024-04-10,No,3805.87,-844.05,-22.2,Within Expected Range,0.6201,Medium,0,No,0,"Short-Tenure, Lower-Income Employees"
123,Engineering,Senior Engineer,High School,32,10.0,4646.16,72.0,2014-10-20,Yes,5532.97,-886.81,-16.0,Within Expected Range,0.3959,Medium,0,No,1,"Established, Higher-Income Employees"
803,Marketing,Marketing Analyst,Master,36,2.0,6011.52,62.0,2022-08-15,No,5284.36,727.16,13.8,Within Expected Range,0.5405,Medium,0,No,0,"Short-Tenure, Lower-Income Employees"
936,Sales,Sales Manager,Master,35,2.0,3795.83,75.0,2022-02-19,No,5160.12,-1364.29,-26.4,Within Expected Range,0.5781,Medium,0,No,0,"Short-Tenure, Lower-Income Employees"
921,Sales,Sales Executive,Bachelor,37,1.0,3877.41,77.0,2023-09-25,No,4202.64,-325.23,-7.7,Within Expected Range,0.6723,High,0,Yes,0,"Short-Tenure, Lower-Income Employees"
724,Marketing,Marketing Manager,Bachelor,29,0.0,3834.79,52.0,2024-01-04,No,3918.97,-84.18,-2.1,Within Expected Range,0.5999,Medium,0,Yes,0,"Short-Tenure, Lower-Income Employees"
564,HR,HR Specialist,High School,36,1.0,3343.42,76.8,2023-08-06,No,3279.86,63.56,1.9,Within Expected Range,0.3549,Medium,0,Yes,0,"Short-Tenure, Lower-Income Employees"
509,Engineering,Senior Engineer,Bachelor,46,3.0,5013.05,80.0,2021-10-07,No,4660.21,352.84,7.6,Within Expected Range,0.6467,Medium,0,No,0,"Short-Tenure, Lower-Income Employees"
272,Marketing,Marketing Manager,Master,37,2.0,4374.9,64.0,2022-06-11,No,5285.27,-910.37,-17.2,Within Expected Range,0.6445,Medium,0,Yes,0,"Short-Tenure, Lower-Income Employees"
348,Sales,Sales Executive,High School,41,18.0,7438.15,66.0,2006-04-19,No,7583.18,-145.03,-1.9,Within Expected Range,0.2157,Low,0,Yes,1,"Established, Higher-Income Employees"
757,Marketing,Marketing Manager,Master,37,2.0,4729.84,59.0,2022-01-26,No,5284.9,-555.06,-10.5,Within Expected Range,0.634,Medium,0,Yes,0,"Short-Tenure, Lower-Income Employees"
278,Marketing,Content Specialist,Bachelor,34,1.0,2639.61,59.0,2023-04-15,No,3964.85,-1325.24,-33.4,Within Expected Range,0.5334,Medium,0,No,0,"Short-Tenure, Lower-Income Employees"
895,Sales,Sales Executive,Master,45,0.0,3325.85,98.0,2024-09-06,No,4821.69,-1495.84,-31.0,Within Expected Range,0.7839,High,1,Yes,0,"Short-Tenure, Lower-Income Employees"
908,Sales,Account Rep,Bachelor,34,9.0,5743.03,86.0,2015-09-02,No,6046.88,-303.85,-5.0,Within Expected Range,0.201,Low,1,Yes,1,"Established, Higher-Income Employees"
432,HR,Recruiter,Bachelor,30,3.0,3753.16,78.0,2021-05-08,No,4735.87,-982.71,-20.8,Within Expected Range,0.479,Medium,0,Yes,0,"Short-Tenure, Lower-Income Employees"
692,Engineering,Software Engineer,High School,43,0.0,3412.68,77.0,2024-12-22,No,3135.14,277.54,8.9,Within Expected Range,0.522,Medium,0,No,0,"Short-Tenure, Lower-Income Employees"
976,Marketing,Content Specialist,PhD,45,3.0,6135.33,67.0,2021-06-10,No,6193.52,-58.19,-0.9,Within Expected Range,0.5231,Medium,0,No,1,"Established, Higher-Income Employees"
148,Sales,Sales Manager,Bachelor,35,2.0,4060.25,60.0,2022-02-04,No,4298.85,-238.6,-5.6,Within Expected Range,0.5155,Medium,0,No,0,"Short-Tenure, Lower-Income Employees"
300,Engineering,Senior Engineer,Bachelor,28,7.0,5985.46,87.0,2017-12-08,No,5643.01,342.45,6.1,Within Expected Range,0.3973,Medium,1,No,1,"Established, Higher-Income Employees"
557,Engineering,QA Engineer,Master,26,4.0,6540.66,67.0,2020-06-08,No,5767.58,773.08,13.4,Within Expected Range,0.3056,Low,0,No,1,"Established, Higher-Income Employees"
446,Engineering,Software Engineer,High School,37,1.0,3253.15,65.0,2023-04-22,No,3378.58,-125.43,-3.7,Within Expected Range,0.4889,Medium,0,No,0,"Short-Tenure, Lower-Income Employees"
878,Finance,Finance Manager,Bachelor,40,6.0,4105.08,83.0,2018-02-15,No,5308.67,-1203.59,-22.7,Within Expected Range,0.4636,Medium,0,No,0,"Short-Tenure, Lower-Income Employees"
458,Engineering,QA Engineer,High School,30,0.0,3437.75,73.0,2024-05-18,No,3053.77,383.98,12.6,Within Expected Range,0.4042,Medium,0,No,0,"Short-Tenure, Lower-Income Employees"
52,HR,Recruiter,Bachelor,45,3.0,4970.49,65.0,2021-10-22,No,4747.36,223.13,4.7,Within Expected Range,0.5388,Medium,0,Yes,0,"Short-Tenure, Lower-Income Employees"
879,HR,HR Specialist,Bachelor,48,6.0,5617.42,64.0,2018-05-08,No,5395.58,221.84,4.1,Within Expected Range,0.3274,Low,0,Yes,1,"Established, Higher-Income Employees"
519,Finance,Financial Analyst,Bachelor,38,0.0,3898.89,79.0,2024-04-16,No,3834.93,63.96,1.7,Within Expected Range,0.5649,Medium,0,No,0,"Short-Tenure, Lower-Income Employees"
23,Sales,Account Rep,Bachelor,23,7.0,4199.94,79.0,2017-11-10,No,5538.62,-1338.68,-24.2,Within Expected Range,0.2337,Low,0,Yes,1,"Established, Higher-Income Employees"
319,Sales,Sales Executive,Master,22,5.0,5090.47,61.0,2019-03-11,No,6046.41,-955.94,-15.8,Within Expected Range,0.5372,Medium,0,Yes,0,"Short-Tenure, Lower-Income Employees"
675,HR,HR Specialist,High School,30,0.0,3288.58,70.0,2024-05-27,No,3025.08,263.5,8.7,Within Expected Range,0.3437,Low,0,Yes,0,"Short-Tenure, Lower-Income Employees"
433,Engineering,Senior Engineer,Master,34,1.0,5632.4,67.0,2023-12-07,No,5010.86,621.54,12.4,Within Expected Range,0.6531,High,0,No,0,"Short-Tenure, Lower-Income Employees"
210,Engineering,Senior Engineer,Bachelor,34,2.0,4329.74,79.2,2022-12-05,No,4400.89,-71.15,-1.6,Within Expected Range,0.6187,Medium,0,No,0,"Short-Tenure, Lower-Income Employees"
620,Engineering,Senior Engineer,Bachelor,40,1.0,4891.68,66.0,2023-10-25,No,4155.59,736.09,17.7,Within Expected Range,0.6634,High,0,No,0,"Short-Tenure, Lower-Income Employees"
143,Engineering,QA Engineer,Master,25,19.0,4609.49,72.0,2005-05-20,No,9506.7,-4897.21,-51.5,Below Expected,0.1844,Low,0,No,1,"Established, Higher-Income Employees"
51,Finance,Financial Analyst,Bachelor,37,2.0,2969.67,50.0,2022-04-08,No,4330.58,-1360.91,-31.4,Within Expected Range,0.6135,Medium,0,No,0,"Short-Tenure, Lower-Income Employees"
167,Sales,Sales Manager,Master,43,7.0,7320.31,74.0,2017-04-20,No,6413.22,907.09,14.1,Within Expected Range,0.3692,Medium,0,No,1,"Established, Higher-Income Employees"
667,Engineering,Software Engineer,High School,31,0.0,2303.49,70.0,2024-02-19,No,3124.67,-821.18,-26.3,Within Expected Range,0.5065,Medium,0,No,0,"Short-Tenure, Lower-Income Employees"
82,HR,HR Manager,Master,32,3.0,5889.87,51.0,2021-10-12,No,5494.99,394.88,7.2,Within Expected Range,0.5158,Medium,0,No,0,"Short-Tenure, Lower-Income Employees"
849,Engineering,QA Engineer,Bachelor,33,2.0,3189.95,80.0,2022-08-02,No,4415.56,-1225.61,-27.8,Within Expected Range,0.4642,Medium,0,No,0,"Short-Tenure, Lower-Income Employees"
322,Engineering,QA Engineer,PhD,32,2.0,6033.38,66.0,2022-08-12,No,6134.04,-100.66,-1.6,Within Expected Range,0.47,Medium,0,No,0,"Short-Tenure, Lower-Income Employees"
933,Sales,Account Rep,Bachelor,25,4.0,4724.75,87.0,2020-02-13,No,4792.96,-68.21,-1.4,Within Expected Range,0.2525,Low,1,Yes,0,"Short-Tenure, Lower-Income Employees"
965,Sales,Account Rep,High School,51,4.0,2856.79,72.0,2020-03-27,No,3953.26,-1096.47,-27.7,Within Expected Range,0.4601,Medium,0,Yes,0,"Short-Tenure, Lower-Income Employees"
887,Sales,Sales Executive,Bachelor,37,1.0,2940.24,53.0,2023-03-15,Yes,4200.87,-1260.63,-30.0,Within Expected Range,0.7418,High,0,Yes,0,"Short-Tenure, Lower-Income Employees"
67,Engineering,QA Engineer,High School,33,5.0,5423.6,73.0,2019-08-20,No,4302.79,1120.81,26.0,Within Expected Range,0.2572,Low,0,No,1,"Established, Higher-Income Employees"
335,Engineering,Senior Engineer,Bachelor,28,3.0,3907.03,66.0,2021-02-03,No,4644.25,-737.22,-15.9,Within Expected Range,0.6021,Medium,0,No,0,"Short-Tenure, Lower-Income Employees"
290,Engineering,Software Engineer,Bachelor,42,2.0,4310.07,82.0,2022-01-26,No,4493.46,-183.39,-4.1,Within Expected Range,0.4977,Medium,0,No,0,"Short-Tenure, Lower-Income Employees"
340,HR,Recruiter,Bachelor,36,5.0,5191.5,59.0,2019-10-14,No,5238.06,-46.56,-0.9,Within Expected Range,0.4393,Medium,0,Yes,1,"Established, Higher-Income Employees"
830,Engineering,Senior Engineer,Master,26,10.0,6574.51,76.0,2014-03-09,No,7248.63,-674.12,-9.3,Within Expected Range,0.389,Medium,0,No,1,"Established, Higher-Income Employees"
501,Sales,Sales Executive,High School,29,1.0,3104.15,66.0,2023-10-02,Yes,3335.02,-230.87,-6.9,Within Expected Range,0.6075,Medium,0,Yes,0,"Short-Tenure, Lower-Income Employees"
665,Sales,Account Rep,Bachelor,38,5.0,6323.3,59.0,2019-10-16,No,5050.99,1272.31,25.2,Within Expected Range,0.2764,Low,0,Yes,1,"Established, Higher-Income Employees"
65,Finance,Financial Analyst,Master,36,1.0,4884.03,82.0,2023-03-06,No,4942.96,-58.93,-1.2,Within Expected Range,0.549,Medium,0,No,0,"Short-Tenure, Lower-Income Employees"
694,Sales,Account Rep,Master,44,4.0,5414.36,68.0,2020-03-18,No,5667.5,-253.14,-4.5,Within Expected Range,0.4248,Medium,0,Yes,0,"Short-Tenure, Lower-Income Employees"
265,Finance,Finance Manager,Bachelor,33,4.0,4279.38,61.0,2020-05-02,No,4802.63,-523.25,-10.9,Within Expected Range,0.4712,Medium,0,No,0,"Short-Tenure, Lower-Income Employees"
450,HR,Recruiter,Bachelor,47,1.0,3961.76,68.0,2023-07-26,No,4250.63,-288.87,-6.8,Within Expected Range,0.6323,Medium,0,Yes,0,"Short-Tenure, Lower-Income Employees"
581,Sales,Sales Manager,Master,32,1.0,4404.87,83.0,2023-03-22,Yes,4908.91,-504.04,-10.3,Within Expected Range,0.5309,Medium,0,No,0,"Short-Tenure, Lower-Income Employees"
784,Sales,Sales Manager,Bachelor,36,1.0,3625.17,76.0,2023-01-13,No,4051.55,-426.38,-10.5,Within Expected Range,0.539,Medium,0,No,0,"Short-Tenure, Lower-Income Employees"
21,Engineering,QA Engineer,Bachelor,44,7.0,6525.71,71.0,2017-01-17,No,5670.55,855.16,15.1,Within Expected Range,0.305,Low,0,No,1,"Established, Higher-Income Employees"
443,Finance,Finance Manager,Master,25,3.0,5721.8,65.0,2021-05-11,No,5407.15,314.65,5.8,Within Expected Range,0.4219,Medium,0,No,0,"Short-Tenure, Lower-Income Employees"
822,Finance,Financial Analyst,Master,40,1.0,5924.26,53.0,2023-08-01,No,4944.15,980.11,19.8,Within Expected Range,0.5642,Medium,0,No,0,"Short-Tenure, Lower-Income Employees"
747,Finance,Finance Manager,Bachelor,48,1.0,3432.67,78.0,2023-01-12,Yes,4068.41,-635.74,-15.6,Within Expected Range,0.6428,Medium,0,No,0,"Short-Tenure, Lower-Income Employees"
297,Engineering,Software Engineer,Master,27,1.0,6210.77,80.0,2023-07-05,No,5091.73,1119.04,22.0,Within Expected Range,0.3855,Medium,0,No,0,"Short-Tenure, Lower-Income Employees"
500,Sales,Account Rep,Bachelor,24,6.0,5178.46,63.0,2018-04-05,No,5288.97,-110.51,-2.1,Within Expected Range,0.2306,Low,0,Yes,1,"Established, Higher-Income Employees"
573,Marketing,Marketing Manager,Master,28,0.0,6000.25,75.0,2024-08-09,No,4780.0,1220.25,25.5,Within Expected Range,0.5179,Medium,0,Yes,0,"Short-Tenure, Lower-Income Employees"
262,Engineering,QA Engineer,High School,38,11.0,6946.51,85.0,2013-07-19,No,5803.66,1142.85,19.7,Within Expected Range,0.1522,Low,1,No,1,"Established, Higher-Income Employees"
805,Engineering,QA Engineer,Master,38,4.0,6145.43,82.0,2020-12-21,No,5778.64,366.79,6.3,Within Expected Range,0.3803,Medium,0,No,1,"Established, Higher-Income Employees"
866,Marketing,Marketing Manager,Bachelor,47,2.0,5009.33,94.0,2022-02-10,No,4435.6,573.73,12.9,Within Expected Range,0.5703,Medium,1,Yes,0,"Short-Tenure, Lower-Income Employees"
683,Sales,Sales Executive,Bachelor,33,1.0,5192.02,74.0,2023-07-23,No,4199.1,992.92,23.6,Within Expected Range,0.5858,Medium,0,Yes,0,"Short-Tenure, Lower-Income Employees"
558,Engineering,Senior Engineer,High School,31,0.0,4139.57,71.0,2024-03-27,Yes,3039.01,1100.56,36.2,Within Expected Range,0.5839,Medium,0,No,0,"Short-Tenure, Lower-Income Employees"
612,Engineering,QA Engineer,High School,34,3.0,3438.84,68.0,2021-04-01,No,3804.64,-365.8,-9.6,Within Expected Range,0.3894,Medium,0,No,0,"Short-Tenure, Lower-Income Employees"
622,Finance,Accountant,Master,38,6.0,6960.62,49.0,2015-03-20,No,6126.74,833.88,13.6,Within Expected Range,0.5486,Medium,0,No,1,"Established, Higher-Income Employees"
529,Marketing,Marketing Manager,High School,34,1.0,4386.22,66.0,2023-02-11,No,3313.28,1072.94,32.4,Within Expected Range,0.499,Medium,0,Yes,0,"Short-Tenure, Lower-Income Employees"
882,HR,HR Specialist,Master,55,0.0,4688.18,66.0,2024-11-10,No,4765.88,-77.7,-1.6,Within Expected Range,0.5869,Medium,0,Yes,0,"Short-Tenure, Lower-Income Employees"
189,HR,HR Manager,Master,30,0.0,5279.84,66.0,2024-08-15,No,4746.51,533.33,11.2,Within Expected Range,0.5625,Medium,0,No,0,"Short-Tenure, Lower-Income Employees"
252,Marketing,Content Specialist,Bachelor,40,1.0,4789.55,81.0,2023-07-26,No,3971.45,818.1,20.6,Within Expected Range,0.4307,Medium,0,No,0,"Short-Tenure, Lower-Income Employees"
102,Engineering,Software Engineer,Bachelor,37,1.0,4001.67,63.0,2023-09-02,Yes,4238.61,-236.94,-5.6,Within Expected Range,0.5234,Medium,0,No,0,"Short-Tenure, Lower-Income Employees"
946,Sales,Sales Manager,Master,58,2.0,5480.57,73.0,2022-10-21,No,5179.06,301.51,5.8,Within Expected Range,0.6494,Medium,0,No,0,"Short-Tenure, Lower-Income Employees"
398,Finance,Accountant,Bachelor,27,0.0,3555.2,82.0,2024-08-11,Yes,3764.03,-208.83,-5.5,Within Expected Range,0.6304,Medium,0,No,0,"Short-Tenure, Lower-Income Employees"
888,Sales,Sales Manager,Bachelor,43,7.0,5701.6,59.0,2017-10-04,No,5551.94,149.66,2.7,Within Expected Range,0.4033,Medium,0,No,1,"Established, Higher-Income Employees"
566,Sales,Account Rep,Bachelor,37,5.0,4915.31,48.0,2019-03-18,No,5049.35,-134.04,-2.7,Within Expected Range,0.3475,Low,0,Yes,0,"Short-Tenure, Lower-Income Employees"
668,Sales,Sales Executive,Master,40,2.0,4547.95,93.0,2022-06-04,No,5315.78,-767.84,-14.4,Within Expected Range,0.6867,High,1,Yes,0,"Short-Tenure, Lower-Income Employees"
996,Engineering,QA Engineer,Bachelor,51,0.0,3142.52,90.0,2024-11-27,No,3932.62,-790.1,-20.1,Within Expected Range,0.6103,Medium,1,No,0,"Short-Tenure, Lower-Income Employees"
772,Sales,Sales Executive,Master,37,5.0,6181.97,88.0,2019-06-11,No,6060.84,121.13,2.0,Within Expected Range,0.5455,Medium,1,Yes,1,"Established, Higher-Income Employees"
331,Engineering,Senior Engineer,Master,21,1.4,3767.41,65.0,2017-06-27,No,5099.65,-1332.24,-26.1,Within Expected Range,0.656,High,0,No,0,"Short-Tenure, Lower-Income Employees"
599,Sales,Sales Executive,High School,44,1.0,2944.51,83.0,2023-01-17,Yes,3348.72,-404.21,-12.1,Within Expected Range,0.6883,High,0,Yes,0,"Short-Tenure, Lower-Income Employees"
366,Finance,Accountant,Bachelor,21,1.8,3799.35,63.0,2024-04-13,Yes,4206.4,-407.05,-9.7,Within Expected Range,0.5752,Medium,0,No,0,"Short-Tenure, Lower-Income Employees"
282,Sales,Sales Manager,Bachelor,45,5.0,5877.57,80.0,2019-01-17,No,5056.53,821.04,16.2,Within Expected Range,0.411,Medium,0,No,1,"Established, Higher-Income Employees"
867,Sales,Account Rep,Master,34,0.0,4697.13,75.0,2024-12-12,No,4662.49,34.64,0.7,Within Expected Range,0.4496,Medium,0,Yes,0,"Short-Tenure, Lower-Income Employees"
782,Engineering,QA Engineer,High School,37,4.0,4473.91,79.0,2020-10-13,No,4057.24,416.67,10.3,Within Expected Range,0.3284,Low,0,No,0,"Short-Tenure, Lower-Income Employees"
814,Marketing,Marketing Analyst,Bachelor,27,0.0,3745.66,92.0,2024-09-19,No,3920.31,-174.65,-4.5,Within Expected Range,0.5159,Medium,1,No,0,"Short-Tenure, Lower-Income Employees"
854,Marketing,Marketing Analyst,High School,31,0.0,2932.07,61.0,2024-02-18,Yes,3061.18,-129.11,-4.2,Within Expected Range,0.5605,Medium,0,No,0,"Short-Tenure, Lower-Income Employees"
464,Marketing,Marketing Analyst,Bachelor,31,1.0,3869.51,67.0,2023-06-18,Yes,4171.1,-301.59,-7.2,Within Expected Range,0.5566,Medium,0,No,0,"Short-Tenure, Lower-Income Employees"
800,Marketing,Marketing Manager,Bachelor,34,13.0,9661.4,58.0,2011-06-25,No,7164.53,2496.87,34.9,Above Expected,0.1684,Low,0,Yes,1,"Established, Higher-Income Employees"
208,Engineering,QA Engineer,High School,33,1.8,3888.78,88.0,2023-11-11,No,3506.11,382.67,10.9,Within Expected Range,0.3525,Medium,1,No,0,"Short-Tenure, Lower-Income Employees"
514,Finance,Accountant,Bachelor,30,7.0,5793.83,71.0,2017-09-16,No,5510.85,282.98,5.1,Within Expected Range,0.4345,Medium,0,No,1,"Established, Higher-Income Employees"
219,Sales,Account Rep,PhD,43,0.0,4704.39,77.0,2024-03-02,No,5530.28,-825.89,-14.9,Within Expected Range,0.5796,Medium,0,Yes,0,"Short-Tenure, Lower-Income Employees"
240,Marketing,Marketing Manager,Bachelor,34,0.0,2988.34,68.0,2024-01-17,Yes,3924.29,-935.95,-23.9,Within Expected Range,0.6526,High,0,Yes,0,"Short-Tenure, Lower-Income Employees"
964,Marketing,Content Specialist,Bachelor,33,11.0,6131.63,52.0,2013-01-01,No,6456.56,-324.93,-5.0,Within Expected Range,0.2199,Low,0,No,1,"Established, Higher-Income Employees"
356,Sales,Account Rep,Bachelor,36,5.0,5932.51,57.0,2019-07-14,No,5049.18,883.33,17.5,Within Expected Range,0.284,Low,0,Yes,1,"Established, Higher-Income Employees"
565,Sales,Account Rep,Master,35,3.0,5320.05,72.0,2021-07-09,No,5411.02,-90.97,-1.7,Within Expected Range,0.3796,Medium,0,Yes,0,"Short-Tenure, Lower-Income Employees"
193,Finance,Finance Manager,Master,41,1.0,4650.98,76.0,2023-09-01,Yes,4922.63,-271.65,-5.5,Within Expected Range,0.606,Medium,0,No,0,"Short-Tenure, Lower-Income Employees"
281,Engineering,QA Engineer,Master,27,1.0,5540.93,98.0,2023-01-21,Yes,5022.77,518.16,10.3,Within Expected Range,0.3637,Medium,1,No,0,"Short-Tenure, Lower-Income Employees"
192,Sales,Account Rep,High School,22,0.0,3149.39,74.0,2024-09-19,No,2932.11,217.28,7.4,Within Expected Range,0.3153,Low,0,Yes,0,"Short-Tenure, Lower-Income Employees"
408,Marketing,Marketing Analyst,High School,38,1.0,3946.57,54.0,2023-09-23,No,3315.78,630.79,19.0,Within Expected Range,0.5495,Medium,0,No,0,"Short-Tenure, Lower-Income Employees"
431,Finance,Finance Manager,Bachelor,35,3.0,3631.26,77.0,2021-07-27,Yes,4556.16,-924.9,-20.3,Within Expected Range,0.5129,Medium,0,No,0,"Short-Tenure, Lower-Income Employees"
686,HR,HR Manager,Bachelor,37,1.0,4101.09,64.0,2023-09-17,No,4141.31,-40.22,-1.0,Within Expected Range,0.588,Medium,0,No,0,"Short-Tenure, Lower-Income Employees"
133,Sales,Sales Manager,Bachelor,37,4.0,6489.87,72.0,2020-10-04,No,4800.0,1689.87,35.2,Within Expected Range,0.3546,Medium,0,No,1,"Established, Higher-Income Employees"
708,Engineering,QA Engineer,Bachelor,35,5.0,4865.15,75.0,2019-03-15,No,5164.77,-299.62,-5.8,Within Expected Range,0.3511,Medium,0,No,0,"Short-Tenure, Lower-Income Employees"
524,Finance,Finance Manager,Bachelor,32,2.0,3827.04,68.0,2022-05-11,No,4303.71,-476.67,-11.1,Within Expected Range,0.5116,Medium,0,No,0,"Short-Tenure, Lower-Income Employees"
721,HR,HR Specialist,Bachelor,40,2.0,5777.41,59.0,2022-07-08,No,4391.35,1386.06,31.6,Within Expected Range,0.3367,Low,0,Yes,0,"Short-Tenure, Lower-Income Employees"
552,Sales,Sales Manager,Bachelor,41,1.0,3888.78,86.0,2023-04-27,No,4056.43,-167.65,-4.1,Within Expected Range,0.5456,Medium,1,No,0,"Short-Tenure, Lower-Income Employees"
71,Finance,Accountant,Bachelor,37,1.0,3813.51,59.0,2023-09-21,No,4019.94,-206.43,-5.1,Within Expected Range,0.6955,High,0,No,0,"Short-Tenure, Lower-Income Employees"
273,Engineering,Software Engineer,Master,32,3.0,6759.84,81.0,2021-04-18,No,5594.57,1165.27,20.8,Within Expected Range,0.3582,Medium,0,No,1,"Established, Higher-Income Employees"
113,Sales,Sales Manager,Master,34,12.0,7479.38,92.0,2012-09-18,No,7653.6,-174.22,-2.3,Within Expected Range,0.2202,Low,1,No,1,"Established, Higher-Income Employees"
328,Marketing,Marketing Analyst,High School,26,0.0,2358.94,77.0,2024-02-01,No,3058.2,-699.26,-22.9,Within Expected Range,0.5326,Medium,0,No,0,"Short-Tenure, Lower-Income Employees"
116,Engineering,Senior Engineer,High School,42,1.0,3011.27,100.0,2023-03-03,Yes,3299.58,-288.31,-8.7,Within Expected Range,0.6567,High,1,No,0,"Short-Tenure, Lower-Income Employees"
324,Marketing,Marketing Analyst,High School,40,4.0,2975.57,53.0,2020-04-12,No,4065.28,-1089.71,-26.8,Within Expected Range,0.5652,Medium,0,No,0,"Short-Tenure, Lower-Income Employees"
38,Finance,Accountant,PhD,33,7.0,7814.6,72.0,2017-08-10,No,7233.76,580.84,8.0,Within Expected Range,0.4895,Medium,0,No,1,"Established, Higher-Income Employees"
868,Marketing,Marketing Analyst,Bachelor,27,1.0,4196.46,51.0,2023-08-13,No,4166.6,29.86,0.7,Within Expected Range,0.5348,Medium,0,No,0,"Short-Tenure, Lower-Income Employees"
424,Engineering,Software Engineer,High School,35,2.0,4377.58,93.0,2022-11-15,Yes,3628.29,749.29,20.7,Within Expected Range,0.3617,Medium,1,No,0,"Short-Tenure, Lower-Income Employees"
906,Marketing,Marketing Analyst,Bachelor,55,3.0,3538.86,71.0,2021-04-19,No,4689.92,-1151.06,-24.5,Within Expected Range,0.6924,High,0,No,0,"Short-Tenure, Lower-Income Employees"
835,Sales,Sales Manager,Bachelor,38,2.0,3532.25,71.0,2022-03-04,Yes,4302.15,-769.9,-17.9,Within Expected Range,0.5482,Medium,0,No,0,"Short-Tenure, Lower-Income Employees"
948,Engineering,QA Engineer,Bachelor,43,6.0,5411.22,78.0,2018-04-12,No,5420.93,-9.71,-0.2,Within Expected Range,0.3566,Medium,0,No,1,"Established, Higher-Income Employees"
516,Marketing,Marketing Manager,Master,42,1.0,5145.76,57.0,2023-05-19,No,5039.6,106.16,2.1,Within Expected Range,0.664,High,0,Yes,0,"Short-Tenure, Lower-Income Employees"
531,Marketing,Marketing Manager,Bachelor,52,11.0,6318.16,86.0,2013-08-11,Yes,6682.92,-364.76,-5.5,Within Expected Range,0.3976,Medium,1,Yes,1,"Established, Higher-Income Employees"
603,HR,HR Specialist,PhD,30,2.0,7320.74,57.0,2022-04-15,Yes,6103.25,1217.49,19.9,Within Expected Range,0.3311,Low,0,Yes,1,"Established, Higher-Income Employees"
755,Marketing,Marketing Manager,Bachelor,33,2.0,4489.92,94.0,2024-05-09,No,4423.99,65.93,1.5,Within Expected Range,0.4999,Medium,1,Yes,0,"Short-Tenure, Lower-Income Employees"
654,Engineering,QA Engineer,Master,40,6.0,6197.29,67.0,2018-01-10,No,6277.81,-80.52,-1.3,Within Expected Range,0.3795,Medium,0,No,1,"Established, Higher-Income Employees"
279,Engineering,QA Engineer,High School,34,0.0,3785.09,63.0,2024-04-02,Yes,3056.35,728.74,23.8,Within Expected Range,0.4278,Medium,0,No,0,"Short-Tenure, Lower-Income Employees"
840,Marketing,Marketing Analyst,PhD,44,5.0,5787.71,65.0,2019-03-07,No,6899.3,-1111.59,-16.1,Within Expected Range,0.6219,Medium,0,No,1,"Established, Higher-Income Employees"
695,Sales,Account Rep,PhD,30,0.0,7626.83,70.0,2024-12-13,No,5518.98,2107.85,38.2,Above Expected,0.3502,Medium,0,Yes,1,"Established, Higher-Income Employees"
3,Sales,Account Rep,Bachelor,34,3.0,3577.61,73.0,2021-07-18,No,4550.09,-972.48,-21.4,Within Expected Range,0.3912,Medium,0,Yes,0,"Short-Tenure, Lower-Income Employees"
230,Sales,Account Rep,Master,36,6.0,5497.3,70.0,2018-03-06,No,6159.62,-662.32,-10.8,Within Expected Range,0.3336,Low,0,Yes,1,"Established, Higher-Income Employees"
504,HR,HR Manager,Master,29,8.0,8564.48,54.0,2016-10-18,No,6739.25,1825.23,27.1,Above Expected,0.2809,Low,0,No,1,"Established, Higher-Income Employees"
991,Engineering,QA Engineer,Master,33,2.0,6394.98,75.0,2022-06-26,No,5275.36,1119.62,21.2,Within Expected Range,0.3763,Medium,0,No,0,"Short-Tenure, Lower-Income Employees"
869,Engineering,Senior Engineer,Bachelor,42,2.0,5229.79,51.0,2022-09-14,Yes,4405.46,824.33,18.7,Within Expected Range,0.6644,High,0,No,0,"Short-Tenure, Lower-Income Employees"
915,Finance,Finance Manager,Master,21,10.0,8564.61,88.0,2014-10-14,No,7150.66,1413.95,19.8,Within Expected Range,0.1634,Low,1,No,1,"Established, Higher-Income Employees"
619,Engineering,Software Engineer,Master,26,2.0,4659.39,68.0,2022-03-24,No,5339.33,-679.94,-12.7,Within Expected Range,0.4587,Medium,0,No,0,"Short-Tenure, Lower-Income Employees"
200,Marketing,Content Specialist,Master,34,2.0,5599.99,69.0,2022-05-17,No,5075.06,524.93,10.3,Within Expected Range,0.4179,Medium,0,No,0,"Short-Tenure, Lower-Income Employees"
917,Engineering,Software Engineer,High School,30,4.0,4950.75,79.0,2020-09-27,No,4121.72,829.03,20.1,Within Expected Range,0.2926,Low,0,No,0,"Short-Tenure, Lower-Income Employees"
955,HR,Recruiter,Bachelor,47,2.0,4419.22,62.0,2022-12-19,No,4499.5,-80.28,-1.8,Within Expected Range,0.6018,Medium,0,Yes,0,"Short-Tenure, Lower-Income Employees"
438,Engineering,Software Engineer,Bachelor,29,0.0,5425.67,65.0,2024-10-26,No,3982.81,1442.86,36.2,Within Expected Range,0.4075,Medium,0,No,0,"Short-Tenure, Lower-Income Employees"
656,Engineering,Software Engineer,Bachelor,43,0.0,4084.2,81.0,2024-02-01,No,3995.61,88.59,2.2,Within Expected Range,0.5517,Medium,0,No,0,"Short-Tenure, Lower-Income Employees"
66,Finance,Accountant,High School,34,3.0,4293.33,80.6,2021-06-25,No,3657.48,635.85,17.4,Within Expected Range,0.5239,Medium,0,No,0,"Short-Tenure, Lower-Income Employees"
308,Sales,Account Rep,Bachelor,24,1.0,3354.01,65.0,2023-02-19,No,4042.59,-688.58,-17.0,Within Expected Range,0.3791,Medium,0,Yes,0,"Short-Tenure, Lower-Income Employees"
41,Marketing,Marketing Manager,Bachelor,34,2.0,3755.55,49.0,2022-05-11,Yes,4421.51,-665.96,-15.1,Within Expected Range,0.6093,Medium,0,Yes,0,"Short-Tenure, Lower-Income Employees"
591,Engineering,Senior Engineer,Bachelor,31,2.0,3461.73,63.0,2022-07-17,No,4397.21,-935.48,-21.3,Within Expected Range,0.6631,High,0,No,0,"Short-Tenure, Lower-Income Employees"
795,Finance,Finance Manager,Master,32,0.0,6034.21,71.0,2024-11-08,No,4665.49,1368.72,29.3,Within Expected Range,0.4959,Medium,0,No,0,"Short-Tenure, Lower-Income Employees"
697,Engineering,Senior Engineer,Master,24,3.0,4761.48,74.0,2021-09-23,No,5501.69,-740.21,-13.5,Within Expected Range,0.589,Medium,0,No,0,"Short-Tenure, Lower-Income Employees"
505,Sales,Sales Manager,Bachelor,21,0.0,4475.56,82.0,2024-03-20,No,3790.23,685.33,18.1,Within Expected Range,0.3988,Medium,0,No,0,"Short-Tenure, Lower-Income Employees"
542,Sales,Sales Manager,PhD,22,3.0,7834.41,75.0,2021-03-27,No,6258.81,1575.6,25.2,Within Expected Range,0.3355,Low,0,No,1,"Established, Higher-Income Employees"
50,Engineering,QA Engineer,Bachelor,50,7.0,5537.75,81.0,2017-08-05,No,5676.27,-138.52,-2.4,Within Expected Range,0.3762,Medium,0,No,1,"Established, Higher-Income Employees"
604,Engineering,Senior Engineer,Master,33,4.0,5580.69,80.0,2020-11-25,No,5758.9,-178.21,-3.1,Within Expected Range,0.5835,Medium,0,No,1,"Established, Higher-Income Employees"
274,HR,HR Manager,Master,25,2.0,4751.14,72.0,2022-04-15,No,5241.41,-490.27,-9.4,Within Expected Range,0.5131,Medium,0,No,0,"Short-Tenure, Lower-Income Employees"
745,Finance,Finance Manager,Bachelor,57,3.0,4474.04,61.0,2021-03-26,No,4573.24,-99.2,-2.2,Within Expected Range,0.642,Medium,0,No,0,"Short-Tenure, Lower-Income Employees"
702,HR,HR Specialist,PhD,40,1.0,6591.78,63.0,2023-06-17,No,5862.68,729.1,12.4,Within Expected Range,0.4412,Medium,0,Yes,0,"Short-Tenure, Lower-Income Employees"
687,Sales,Sales Executive,Bachelor,32,11.0,6852.9,73.0,2013-03-06,Yes,6691.25,161.65,2.4,Within Expected Range,0.3313,Low,0,Yes,1,"Established, Higher-Income Employees"
178,Finance,Financial Analyst,High School,38,1.0,3558.57,66.0,2023-01-24,No,3223.1,335.47,10.4,Within Expected Range,0.5141,Medium,0,No,0,"Short-Tenure, Lower-Income Employees"
301,Marketing,Content Specialist,Bachelor,35,7.0,6356.71,64.0,2017-12-08,No,5461.88,894.83,16.4,Within Expected Range,0.258,Low,0,No,1,"Established, Higher-Income Employees"
354,Finance,Financial Analyst,High School,27,3.0,3961.68,75.0,2021-06-04,No,3713.25,248.43,6.7,Within Expected Range,0.3717,Medium,0,No,0,"Short-Tenure, Lower-Income Employees"
203,HR,HR Manager,Master,28,4.6,5772.62,83.0,2021-03-15,No,5892.91,-120.29,-2.0,Within Expected Range,0.421,Medium,0,No,1,"Established, Higher-Income Employees"
237,Engineering,Software Engineer,Bachelor,36,6.0,4509.63,58.0,2018-08-04,No,5483.94,-974.31,-17.8,Within Expected Range,0.4132,Medium,0,No,0,"Short-Tenure, Lower-Income Employees"
150,Marketing,Marketing Manager,Bachelor,32,3.0,4141.53,51.0,2021-05-09,Yes,4669.3,-527.77,-11.3,Within Expected Range,0.5566,Medium,0,Yes,0,"Short-Tenure, Lower-Income Employees"
448,Marketing,Marketing Manager,High School,35,1.0,2551.78,65.0,2023-06-04,Yes,3314.04,-762.26,-23.0,Within Expected Range,0.6026,Medium,0,Yes,0,"Short-Tenure, Lower-Income Employees"
218,Marketing,Marketing Manager,Master,21,0.0,4100.41,55.0,2024-08-03,No,4772.72,-672.31,-14.1,Within Expected Range,0.5967,Medium,0,Yes,0,"Short-Tenure, Lower-Income Employees"
723,Finance,Finance Manager,Master,34,1.0,4527.9,78.4,2023-06-10,No,4917.0,-389.1,-7.9,Within Expected Range,0.5613,Medium,0,No,0,"Short-Tenure, Lower-Income Employees"
474,Engineering,QA Engineer,Bachelor,53,3.0,4666.16,83.0,2021-02-03,No,4681.68,-15.52,-0.3,Within Expected Range,0.5053,Medium,0,No,0,"Short-Tenure, Lower-Income Employees"
588,Sales,Sales Manager,High School,21,0.0,1909.13,56.0,2024-09-10,No,2928.15,-1019.02,-34.8,Within Expected Range,0.4993,Medium,0,No,0,"Short-Tenure, Lower-Income Employees"
653,Engineering,Software Engineer,Bachelor,34,3.0,3611.21,79.0,2021-07-01,No,4735.91,-1124.7,-23.7,Within Expected Range,0.4659,Medium,0,No,0,"Short-Tenure, Lower-Income Employees"
303,Engineering,QA Engineer,High School,39,1.6,3175.44,78.0,2021-04-07,No,3460.5,-285.06,-8.2,Within Expected Range,0.4458,Medium,0,No,0,"Short-Tenure, Lower-Income Employees"
914,Sales,Sales Executive,Bachelor,40,3.0,5241.71,58.0,2021-09-18,No,4702.34,539.37,11.5,Within Expected Range,0.6202,Medium,0,Yes,0,"Short-Tenure, Lower-Income Employees"
978,Engineering,Software Engineer,Master,21,2.0,6227.94,91.0,2022-04-23,No,5336.87,891.07,16.7,Within Expected Range,0.3165,Low,1,No,0,"Short-Tenure, Lower-Income Employees"
717,Sales,Sales Executive,Bachelor,32,9.0,6160.33,70.0,2015-06-05,No,6192.42,-32.09,-0.5,Within Expected Range,0.4005,Medium,0,Yes,1,"Established, Higher-Income Employees"
986,Engineering,QA Engineer,Master,43,1.0,4955.6,73.0,2023-07-25,No,5034.21,-78.61,-1.6,Within Expected Range,0.5394,Medium,0,No,0,"Short-Tenure, Lower-Income Employees"
389,Sales,Sales Executive,Bachelor,40,1.0,3259.45,59.0,2023-02-19,No,4203.81,-944.36,-22.5,Within Expected Range,0.7383,High,0,Yes,0,"Short-Tenure, Lower-Income Employees"
479,Marketing,Marketing Manager,High School,29,1.0,3052.87,78.0,2023-10-16,No,3310.01,-257.14,-7.8,Within Expected Range,0.5167,Medium,0,Yes,0,"Short-Tenure, Lower-Income Employees"
492,Marketing,Content Specialist,Master,31,0.0,4259.35,68.0,2024-01-05,No,4573.89,-314.54,-6.9,Within Expected Range,0.502,Medium,0,No,0,"Short-Tenure, Lower-Income Employees"
423,Finance,Accountant,Bachelor,42,3.0,4633.14,76.0,2021-05-13,No,4523.95,109.19,2.4,Within Expected Range,0.6363,Medium,0,No,0,"Short-Tenure, Lower-Income Employees"
388,Engineering,Senior Engineer,Master,21,0.0,4311.22,68.0,2024-05-03,Yes,4750.84,-439.62,-9.3,Within Expected Range,0.6476,Medium,0,No,0,"Short-Tenure, Lower-Income Employees"
860,Finance,Accountant,Bachelor,38,5.0,5303.8,78.0,2019-11-02,No,5019.39,284.41,5.7,Within Expected Range,0.5396,Medium,0,No,1,"Established, Higher-Income Employees"
391,Engineering,Senior Engineer,High School,38,5.0,3733.38,79.0,2019-09-15,Yes,4291.94,-558.56,-13.0,Within Expected Range,0.5587,Medium,0,No,0,"Short-Tenure, Lower-Income Employees"
535,Sales,Sales Executive,High School,26,10.0,5804.7,72.0,2014-04-10,No,5576.72,227.98,4.1,Within Expected Range,0.2972,Low,0,Yes,1,"Established, Higher-Income Employees"
353,Engineering,Software Engineer,Bachelor,25,3.0,5854.54,65.0,2021-02-15,No,4727.41,1127.13,23.8,Within Expected Range,0.3143,Low,0,No,0,"Short-Tenure, Lower-Income Employees"
194,Engineering,QA Engineer,High School,48,5.0,3832.03,73.0,2019-02-09,No,4315.24,-483.21,-11.2,Within Expected Range,0.4244,Medium,0,No,0,"Short-Tenure, Lower-Income Employees"
236,HR,Recruiter,Master,27,18.0,9561.98,52.0,2006-11-15,No,9331.23,230.75,2.5,Within Expected Range,0.1222,Low,0,Yes,1,"Established, Higher-Income Employees"
770,HR,HR Specialist,Master,29,5.0,6937.21,64.0,2019-03-22,No,5990.68,946.53,15.8,Within Expected Range,0.2353,Low,0,Yes,1,"Established, Higher-Income Employees"
890,Sales,Sales Manager,Bachelor,33,6.0,4067.29,59.0,2018-12-14,No,5294.34,-1227.05,-23.2,Within Expected Range,0.4353,Medium,0,No,0,"Short-Tenure, Lower-Income Employees"
481,Finance,Financial Analyst,Master,37,4.0,6732.58,76.0,2020-09-11,No,5691.27,1041.31,18.3,Within Expected Range,0.4175,Medium,0,No,1,"Established, Higher-Income Employees"
56,Sales,Sales Executive,Bachelor,34,7.0,5612.66,61.0,2017-04-25,No,5694.81,-82.15,-1.4,Within Expected Range,0.4889,Medium,0,Yes,1,"Established, Higher-Income Employees"
117,Sales,Account Rep,Bachelor,37,5.0,5540.25,49.0,2019-04-24,No,5049.43,490.82,9.7,Within Expected Range,0.3171,Low,0,Yes,1,"Established, Higher-Income Employees"
97,Marketing,Marketing Analyst,Bachelor,27,8.0,5943.29,64.0,2016-09-02,No,5912.7,30.59,0.5,Within Expected Range,0.3148,Low,0,No,1,"Established, Higher-Income Employees"
142,HR,HR Specialist,Bachelor,49,0.0,3278.47,72.0,2024-12-17,No,3901.17,-622.7,-16.0,Within Expected Range,0.5401,Medium,0,Yes,0,"Short-Tenure, Lower-Income Employees"
958,Engineering,Senior Engineer,Master,31,0.0,4478.16,91.0,2024-05-11,No,4760.83,-282.67,-5.9,Within Expected Range,0.6726,High,1,No,0,"Short-Tenure, Lower-Income Employees"
636,Engineering,Software Engineer,Bachelor,21,4.0,6374.7,74.0,2020-09-17,No,4974.06,1400.64,28.2,Within Expected Range,0.2457,Low,0,No,1,"Established, Higher-Income Employees"
598,Engineering,Software Engineer,Master,32,1.0,5572.36,77.0,2023-07-26,No,5095.66,476.7,9.4,Within Expected Range,0.4565,Medium,0,No,0,"Short-Tenure, Lower-Income Employees"
674,HR,Recruiter,High School,51,4.0,3643.9,62.0,2020-05-09,No,4141.25,-497.35,-12.0,Within Expected Range,0.5668,Medium,0,Yes,0,"Short-Tenure, Lower-Income Employees"
121,HR,Recruiter,Bachelor,21,7.0,5761.6,53.0,2017-01-25,No,5723.79,37.81,0.7,Within Expected Range,0.2921,Low,0,Yes,1,"Established, Higher-Income Employees"
811,Engineering,QA Engineer,Master,38,1.0,4077.47,63.0,2023-12-07,No,5029.32,-951.85,-18.9,Within Expected Range,0.5648,Medium,0,No,0,"Short-Tenure, Lower-Income Employees"
930,Engineering,Software Engineer,Master,41,0.0,4908.54,73.0,2024-03-05,Yes,4853.53,55.01,1.1,Within Expected Range,0.5766,Medium,0,No,0,"Short-Tenure, Lower-Income Employees"
63,Marketing,Marketing Manager,PhD,29,10.0,6916.65,78.0,2014-12-03,No,8134.28,-1217.63,-15.0,Within Expected Range,0.3767,Medium,0,Yes,1,"Established, Higher-Income Employees"
809,HR,HR Specialist,Master,26,0.0,2617.54,58.0,2024-01-10,No,4741.22,-2123.68,-44.8,Below Expected,0.5052,Medium,0,Yes,0,"Short-Tenure, Lower-Income Employees"
819,Sales,Sales Executive,Bachelor,29,2.0,4441.97,76.6,2022-03-11,No,4445.28,-3.31,-0.1,Within Expected Range,0.5768,Medium,0,Yes,0,"Short-Tenure, Lower-Income Employees"
454,Marketing,Marketing Analyst,Bachelor,41,1.0,3957.17,90.0,2023-12-21,No,4181.09,-223.92,-5.4,Within Expected Range,0.588,Medium,1,No,0,"Short-Tenure, Lower-Income Employees"
780,Marketing,Marketing Manager,Master,21,1.0,5444.39,69.0,2023-07-03,No,5023.06,421.33,8.4,Within Expected Range,0.4899,Medium,0,Yes,0,"Short-Tenure, Lower-Income Employees"
415,Sales,Sales Executive,Master,34,2.0,5249.95,67.0,2022-02-10,No,5308.89,-58.94,-1.1,Within Expected Range,0.6502,High,0,Yes,0,"Short-Tenure, Lower-Income Employees"
4,Finance,Accountant,Bachelor,29,1.0,4523.36,74.8,2023-08-15,No,4014.47,508.89,12.7,Within Expected Range,0.5891,Medium,0,No,0,"Short-Tenure, Lower-Income Employees"
59,Marketing,Content Specialist,Bachelor,32,13.0,6090.25,74.0,2011-08-06,No,6955.96,-865.71,-12.4,Within Expected Range,0.1753,Low,0,No,1,"Established, Higher-Income Employees"
224,Engineering,Senior Engineer,Bachelor,37,6.0,5488.08,88.0,2018-11-23,No,5401.25,86.83,1.6,Within Expected Range,0.5006,Medium,1,No,1,"Established, Higher-Income Employees"
222,HR,HR Manager,Bachelor,21,10.0,7083.85,69.0,2014-05-07,No,6372.15,711.7,11.2,Within Expected Range,0.2043,Low,0,No,1,"Established, Higher-Income Employees"
466,Finance,Finance Manager,Bachelor,46,2.0,4867.93,77.0,2022-12-12,No,4315.99,551.94,12.8,Within Expected Range,0.5417,Medium,0,No,0,"Short-Tenure, Lower-Income Employees"
53,Sales,Sales Executive,Bachelor,31,1.0,3552.65,71.0,2023-08-11,No,4197.22,-644.57,-15.4,Within Expected Range,0.6578,High,0,Yes,0,"Short-Tenure, Lower-Income Employees"
709,Engineering,Senior Engineer,PhD,36,1.0,4417.49,70.0,2023-05-04,Yes,5872.91,-1455.42,-24.8,Within Expected Range,0.7706,High,0,No,0,"Short-Tenure, Lower-Income Employees"
156,Engineering,Senior Engineer,Bachelor,30,0.8,3974.8,83.0,2023-05-12,No,4098.68,-123.88,-3.0,Within Expected Range,0.6239,Medium,0,No,0,"Short-Tenure, Lower-Income Employees"
707,Engineering,Software Engineer,Bachelor,39,2.0,4240.9,74.0,2022-05-12,No,4490.38,-249.48,-5.6,Within Expected Range,0.492,Medium,0,No,0,"Short-Tenure, Lower-Income Employees"
249,Engineering,Senior Engineer,Master,28,1.0,4449.53,66.0,2023-11-04,No,5005.81,-556.28,-11.1,Within Expected Range,0.6725,High,0,No,0,"Short-Tenure, Lower-Income Employees"
904,HR,Recruiter,High School,51,8.0,6313.73,66.0,2016-06-21,No,5138.77,1174.96,22.9,Within Expected Range,0.3572,Medium,0,Yes,1,"Established, Higher-Income Employees"
569,Engineering,Software Engineer,Master,21,1.0,5113.78,81.2,2023-09-14,No,5086.84,26.94,0.5,Within Expected Range,0.3988,Medium,0,No,0,"Short-Tenure, Lower-Income Employees"
925,HR,HR Manager,Bachelor,46,0.0,3786.0,68.0,2024-04-13,No,3899.76,-113.76,-2.9,Within Expected Range,0.6723,High,0,No,0,"Short-Tenure, Lower-Income Employees"
292,HR,Recruiter,Bachelor,39,6.0,5866.54,81.0,2018-04-26,No,5491.48,375.06,6.8,Within Expected Range,0.3781,Medium,0,Yes,1,"Established, Higher-Income Employees"
382,Finance,Accountant,Bachelor,38,7.0,6544.08,58.0,2017-12-24,No,5516.53,1027.55,18.6,Within Expected Range,0.4697,Medium,0,No,1,"Established, Higher-Income Employees"
952,Engineering,QA Engineer,Bachelor,32,6.0,6475.11,54.0,2018-04-21,No,5410.04,1065.07,19.7,Within Expected Range,0.2723,Low,0,No,1,"Established, Higher-Income Employees"
201,HR,Recruiter,Master,33,10.0,6905.49,67.0,2014-08-08,No,7342.86,-437.37,-6.0,Within Expected Range,0.3122,Low,0,Yes,1,"Established, Higher-Income Employees"
762,Sales,Account Rep,Bachelor,29,4.0,4830.12,63.0,2020-01-09,No,4794.51,35.61,0.7,Within Expected Range,0.2982,Low,0,Yes,0,"Short-Tenure, Lower-Income Employees"
963,Marketing,Content Specialist,Master,40,1.0,4658.58,80.0,2023-02-26,No,4831.54,-172.96,-3.6,Within Expected Range,0.5097,Medium,0,No,0,"Short-Tenure, Lower-Income Employees"
506,Marketing,Content Specialist,Master,36,0.0,4840.22,68.0,2024-02-10,No,4578.04,262.18,5.7,Within Expected Range,0.5065,Medium,0,No,0,"Short-Tenure, Lower-Income Employees"
815,Marketing,Marketing Analyst,Bachelor,39,0.0,3998.69,65.0,2024-08-10,Yes,3928.28,70.41,1.8,Within Expected Range,0.6234,Medium,0,No,0,"Short-Tenure, Lower-Income Employees"
861,Engineering,Senior Engineer,Bachelor,34,5.0,5366.96,73.0,2019-11-16,Yes,5148.35,218.61,4.2,Within Expected Range,0.5247,Medium,0,No,1,"Established, Higher-Income Employees"
341,Marketing,Marketing Manager,High School,42,0.0,3744.93,67.0,2024-12-25,No,3070.69,674.24,22.0,Within Expected Range,0.6028,Medium,0,Yes,0,"Short-Tenure, Lower-Income Employees"
155,Engineering,Software Engineer,Bachelor,28,4.0,5548.73,52.0,2020-10-08,No,4978.25,570.48,11.5,Within Expected Range,0.349,Low,0,No,0,"Short-Tenure, Lower-Income Employees"
916,Engineering,Software Engineer,Bachelor,21,2.0,3480.24,81.0,2022-06-23,No,4475.96,-995.72,-22.2,Within Expected Range,0.3972,Medium,0,No,0,"Short-Tenure, Lower-Income Employees"
777,HR,Recruiter,Master,33,1.0,5873.75,43.0,2023-06-07,No,5097.35,776.4,15.2,Within Expected Range,0.544,Medium,0,Yes,0,"Short-Tenure, Lower-Income Employees"
838,Finance,Finance Manager,Master,22,1.0,4472.97,68.0,2023-12-03,No,4906.27,-433.3,-8.8,Within Expected Range,0.4955,Medium,0,No,0,"Short-Tenure, Lower-Income Employees"
323,Sales,Sales Executive,Bachelor,32,4.0,3626.06,81.0,2020-03-24,No,4946.7,-1320.64,-26.7,Within Expected Range,0.5998,Medium,0,Yes,0,"Short-Tenure, Lower-Income Employees"
643,Marketing,Marketing Manager,Bachelor,37,1.0,5123.76,62.0,2023-09-26,No,4175.65,948.11,22.7,Within Expected Range,0.5578,Medium,0,Yes,0,"Short-Tenure, Lower-Income Employees"
624,Finance,Financial Analyst,Master,31,11.0,7366.22,71.2,2013-12-10,No,7431.08,-64.86,-0.9,Within Expected Range,0.2534,Low,0,No,1,"Established, Higher-Income Employees"
83,Sales,Sales Executive,Bachelor,26,4.0,5408.0,100.0,2020-05-26,No,4943.12,464.88,9.4,Within Expected Range,0.438,Medium,1,Yes,1,"Established, Higher-Income Employees"
621,Finance,Financial Analyst,High School,40,6.0,5037.39,68.0,2018-08-06,No,4471.44,565.95,12.7,Within Expected Range,0.366,Medium,0,No,1,"Established, Higher-Income Employees"
465,Marketing,Marketing Manager,Master,31,10.0,5565.21,58.0,2014-11-09,Yes,7274.3,-1709.09,-23.5,Below Expected,0.4181,Medium,0,Yes,1,"Established, Higher-Income Employees"
761,HR,HR Manager,PhD,55,10.0,8623.87,73.0,2014-09-02,No,8121.0,502.87,6.2,Within Expected Range,0.4538,Medium,0,No,1,"Established, Higher-Income Employees"
334,Sales,Account Rep,Bachelor,26,6.0,4058.72,88.0,2018-01-03,No,5292.47,-1233.75,-23.3,Within Expected Range,0.2577,Low,1,Yes,0,"Short-Tenure, Lower-Income Employees"
11,Finance,Accountant,Master,31,9.0,4620.05,82.0,2015-09-03,Yes,6871.27,-2251.22,-32.8,Below Expected,0.5242,Medium,0,No,1,"Established, Higher-Income Employees"
471,Engineering,QA Engineer,Bachelor,22,1.0,2771.14,61.0,2023-09-08,Yes,4155.73,-1384.59,-33.3,Within Expected Range,0.4538,Medium,0,No,0,"Short-Tenure, Lower-Income Employees"
33,Sales,Account Rep,Bachelor,21,4.0,5604.16,90.0,2020-03-09,No,4789.86,814.3,17.0,Within Expected Range,0.1978,Low,1,Yes,1,"Established, Higher-Income Employees"
934,HR,HR Manager,High School,31,3.0,4017.02,68.0,2021-03-13,No,3775.06,241.96,6.4,Within Expected Range,0.4408,Medium,0,No,0,"Short-Tenure, Lower-Income Employees"
383,Engineering,QA Engineer,Bachelor,38,1.0,3733.12,62.0,2023-04-17,No,4169.08,-435.96,-10.5,Within Expected Range,0.5137,Medium,0,No,0,"Short-Tenure, Lower-Income Employees"
726,Sales,Account Rep,Master,45,8.0,4041.11,70.0,2016-04-27,No,6665.7,-2624.59,-39.4,Below Expected,0.4334,Medium,0,Yes,1,"Established, Higher-Income Employees"
631,Marketing,Marketing Analyst,High School,21,1.0,3375.55,73.0,2023-08-09,No,3303.07,72.48,2.2,Within Expected Range,0.4334,Medium,0,No,0,"Short-Tenure, Lower-Income Employees"
959,Marketing,Marketing Analyst,High School,21,3.0,3737.77,57.0,2021-07-23,No,3800.5,-62.73,-1.7,Within Expected Range,0.4045,Medium,0,No,0,"Short-Tenure, Lower-Income Employees"
968,Sales,Sales Executive,PhD,38,0.0,6118.77,61.0,2024-07-27,Yes,5673.33,445.44,7.9,Within Expected Range,0.7318,High,0,Yes,0,"Short-Tenure, Lower-Income Employees"
379,Marketing,Marketing Analyst,PhD,39,7.8,7782.24,85.0,2020-11-14,Yes,7594.68,187.56,2.5,Within Expected Range,0.4089,Medium,1,No,1,"Established, Higher-Income Employees"
90,Marketing,Content Specialist,Bachelor,33,2.0,4351.38,84.0,2022-07-12,No,4215.16,136.22,3.2,Within Expected Range,0.3851,Medium,0,No,0,"Short-Tenure, Lower-Income Employees"
214,Sales,Sales Executive,Bachelor,41,1.0,4211.53,93.0,2023-05-22,No,4207.13,4.4,0.1,Within Expected Range,0.6609,High,1,Yes,0,"Short-Tenure, Lower-Income Employees"
987,Engineering,Senior Engineer,Bachelor,25,2.0,4282.83,73.0,2022-06-26,No,4392.96,-110.13,-2.5,Within Expected Range,0.569,Medium,0,No,0,"Short-Tenure, Lower-Income Employees"
134,Marketing,Marketing Analyst,Bachelor,40,0.0,3247.56,78.0,2024-07-24,No,3930.07,-682.51,-17.4,Within Expected Range,0.649,Medium,0,No,0,"Short-Tenure, Lower-Income Employees"
347,Sales,Account Rep,Bachelor,22,4.0,4438.99,78.0,2020-02-05,No,4789.8,-350.81,-7.3,Within Expected Range,0.2579,Low,0,Yes,0,"Short-Tenure, Lower-Income Employees"
8,Engineering,QA Engineer,Master,31,3.0,5931.19,51.0,2021-03-01,No,5521.24,409.95,7.4,Within Expected Range,0.4033,Medium,0,No,0,"Short-Tenure, Lower-Income Employees"
658,Marketing,Marketing Analyst,Bachelor,31,0.0,3677.93,82.0,2024-04-16,No,3922.89,-244.96,-6.2,Within Expected Range,0.5618,Medium,0,No,0,"Short-Tenure, Lower-Income Employees"
321,Finance,Accountant,Bachelor,41,3.0,5258.69,64.0,2021-01-10,No,4522.24,736.45,16.3,Within Expected Range,0.6152,Medium,0,No,0,"Short-Tenure, Lower-Income Employees"
832,Engineering,Senior Engineer,Bachelor,46,1.0,3830.23,74.0,2023-12-13,No,4161.16,-330.93,-8.0,Within Expected Range,0.7357,High,0,No,0,"Short-Tenure, Lower-Income Employees"
188,Engineering,Software Engineer,High School,29,5.0,4796.4,78.0,2019-02-26,No,4370.12,426.28,9.8,Within Expected Range,0.2809,Low,0,No,0,"Short-Tenure, Lower-Income Employees"
553,HR,HR Manager,Bachelor,42,4.0,4845.27,69.0,2020-01-16,No,4893.74,-48.47,-1.0,Within Expected Range,0.5267,Medium,0,No,0,"Short-Tenure, Lower-Income Employees"
305,Engineering,Senior Engineer,High School,36,0.0,3009.25,67.0,2024-08-10,No,3042.87,-33.62,-1.1,Within Expected Range,0.6771,High,0,No,0,"Short-Tenure, Lower-Income Employees"
32,Finance,Accountant,Bachelor,46,6.0,5654.8,85.0,2018-08-10,No,5275.85,378.95,7.2,Within Expected Range,0.55,Medium,1,No,1,"Established, Higher-Income Employees"
652,Marketing,Marketing Analyst,Bachelor,37,6.0,5858.94,65.0,2018-03-18,No,5422.46,436.48,8.0,Within Expected Range,0.4133,Medium,0,No,1,"Established, Higher-Income Employees"
241,Finance,Finance Manager,Bachelor,36,2.0,4412.77,78.0,2022-12-11,No,4307.76,105.01,2.4,Within Expected Range,0.4943,Medium,0,No,0,"Short-Tenure, Lower-Income Employees"
880,Finance,Accountant,PhD,27,1.0,5984.65,71.0,2023-10-12,No,5732.87,251.78,4.4,Within Expected Range,0.6427,Medium,0,No,0,"Short-Tenure, Lower-Income Employees"
175,Sales,Sales Manager,Bachelor,36,1.0,3915.67,82.0,2023-06-12,No,4051.99,-136.32,-3.4,Within Expected Range,0.5151,Medium,0,No,0,"Short-Tenure, Lower-Income Employees"
246,Sales,Account Rep,PhD,22,1.0,5608.16,81.0,2023-11-18,No,5762.45,-154.29,-2.7,Within Expected Range,0.3661,Medium,0,Yes,0,"Short-Tenure, Lower-Income Employees"
799,Engineering,Software Engineer,Master,34,1.0,5142.23,87.0,2023-10-09,No,5098.06,44.17,0.9,Within Expected Range,0.4786,Medium,1,No,0,"Short-Tenure, Lower-Income Employees"
146,Sales,Sales Manager,Bachelor,40,4.0,6077.43,75.0,2020-07-20,No,4802.71,1274.72,26.5,Within Expected Range,0.3905,Medium,0,No,1,"Established, Higher-Income Employees"
91,Engineering,Software Engineer,Master,21,8.0,4533.9,58.0,2016-11-23,No,6830.28,-2296.38,-33.6,Below Expected,0.3481,Low,0,No,1,"Established, Higher-Income Employees"
393,Sales,Sales Executive,Bachelor,31,0.0,4057.01,79.0,2024-08-09,No,3948.5,108.51,2.7,Within Expected Range,0.6384,Medium,0,Yes,0,"Short-Tenure, Lower-Income Employees"
311,Sales,Sales Executive,Bachelor,37,10.0,6223.04,61.0,2014-08-21,No,6445.21,-222.17,-3.4,Within Expected Range,0.4275,Medium,0,Yes,1,"Established, Higher-Income Employees"
360,Engineering,Software Engineer,Master,30,5.0,5333.85,76.0,2019-04-09,No,6091.15,-757.3,-12.4,Within Expected Range,0.3905,Medium,0,No,1,"Established, Higher-Income Employees"
94,Sales,Sales Executive,Master,46,11.0,5262.23,69.0,2013-11-13,No,7562.75,-2300.52,-30.4,Below Expected,0.5825,Medium,0,Yes,1,"Established, Higher-Income Employees"
738,Sales,Sales Manager,Master,28,4.0,5376.0,59.0,2020-10-18,No,5651.75,-275.75,-4.9,Within Expected Range,0.4362,Medium,0,No,0,"Short-Tenure, Lower-Income Employees"
377,HR,HR Manager,Bachelor,42,0.0,3585.51,63.0,2024-07-16,Yes,3896.08,-310.57,-8.0,Within Expected Range,0.6633,High,0,No,0,"Short-Tenure, Lower-Income Employees"
244,Marketing,Marketing Analyst,Master,21,1.0,6085.5,74.0,2023-10-08,Yes,5023.48,1062.02,21.1,Within Expected Range,0.4314,Medium,0,No,0,"Short-Tenure, Lower-Income Employees"
875,Engineering,Senior Engineer,Master,21,4.0,4578.9,86.0,2020-09-09,No,5749.38,-1170.48,-20.4,Within Expected Range,0.544,Medium,1,No,0,"Short-Tenure, Lower-Income Employees"
88,Finance,Financial Analyst,Master,42,4.0,6978.72,84.0,2020-10-15,Yes,5696.01,1282.71,22.5,Within Expected Range,0.4277,Medium,0,No,1,"Established, Higher-Income Employees"
215,Marketing,Marketing Analyst,Master,34,0.0,5270.67,71.0,2024-04-06,No,4784.75,485.92,10.2,Within Expected Range,0.5855,Medium,0,No,0,"Short-Tenure, Lower-Income Employees"
445,Engineering,Senior Engineer,PhD,21,2.0,4439.97,67.0,2022-04-08,No,6109.55,-1669.58,-27.3,Within Expected Range,0.6761,High,0,No,0,"Short-Tenure, Lower-Income Employees"
174,Engineering,Software Engineer,High School,33,1.0,4198.44,60.0,2023-09-04,No,3374.9,823.54,24.4,Within Expected Range,0.419,Medium,0,No,0,"Short-Tenure, Lower-Income Employees"
426,Marketing,Content Specialist,Master,32,7.0,4915.36,84.0,2017-08-22,No,6321.03,-1405.67,-22.2,Within Expected Range,0.3387,Low,0,No,1,"Established, Higher-Income Employees"
823,Marketing,Content Specialist,Bachelor,25,4.0,5773.32,66.0,2020-05-16,No,4705.81,1067.51,22.7,Within Expected Range,0.2645,Low,0,No,1,"Established, Higher-Income Employees"
119,Engineering,Software Engineer,Master,37,0.0,4987.69,75.0,2024-06-15,No,4850.36,137.33,2.8,Within Expected Range,0.542,Medium,0,No,0,"Short-Tenure, Lower-Income Employees"
120,HR,HR Manager,High School,31,1.0,3760.42,68.0,2023-01-08,Yes,3276.45,483.97,14.8,Within Expected Range,0.4879,Medium,0,No,0,"Short-Tenure, Lower-Income Employees"
677,Finance,Financial Analyst,Bachelor,35,0.0,3666.41,96.0,2024-06-17,Yes,3833.69,-167.28,-4.4,Within Expected Range,0.5317,Medium,1,No,0,"Short-Tenure, Lower-Income Employees"
1,Engineering,QA Engineer,Master,26,2.0,5201.3,61.0,2022-05-02,No,5268.52,-67.22,-1.3,Within Expected Range,0.4089,Medium,0,No,0,"Short-Tenure, Lower-Income Employees"
395,Engineering,Software Engineer,Master,23,2.0,5579.43,63.0,2022-05-19,No,5336.47,242.96,4.6,Within Expected Range,0.3978,Medium,0,No,0,"Short-Tenure, Lower-Income Employees"
402,Engineering,QA Engineer,Master,47,7.0,7746.88,84.0,2017-01-24,No,6534.17,1212.71,18.6,Within Expected Range,0.3126,Low,0,No,1,"Established, Higher-Income Employees"
405,Engineering,Software Engineer,Bachelor,29,2.0,5101.03,73.0,2022-05-22,No,4482.01,619.02,13.8,Within Expected Range,0.3804,Medium,0,No,0,"Short-Tenure, Lower-Income Employees"
657,Finance,Finance Manager,Bachelor,26,6.0,4866.34,78.0,2018-07-16,No,5296.68,-430.34,-8.1,Within Expected Range,0.3386,Low,0,No,1,"Established, Higher-Income Employees"
664,Engineering,Software Engineer,PhD,26,0.0,6044.4,80.0,2024-08-03,No,5701.77,342.63,6.0,Within Expected Range,0.4732,Medium,0,No,0,"Short-Tenure, Lower-Income Employees"
163,Marketing,Content Specialist,Bachelor,36,5.0,3749.0,75.0,2019-02-15,Yes,4964.91,-1215.91,-24.5,Within Expected Range,0.3994,Medium,0,No,0,"Short-Tenure, Lower-Income Employees"
115,Engineering,Senior Engineer,Bachelor,47,2.0,4993.43,53.0,2022-08-23,No,4409.75,583.68,13.2,Within Expected Range,0.7029,High,0,No,0,"Short-Tenure, Lower-Income Employees"
151,Marketing,Content Specialist,Master,35,6.0,6302.88,53.0,2018-12-06,No,6071.94,230.94,3.8,Within Expected Range,0.3477,Low,0,No,1,"Established, Higher-Income Employees"
626,Finance,Financial Analyst,Bachelor,36,10.0,5043.12,91.0,2014-08-15,No,6327.21,-1284.09,-20.3,Within Expected Range,0.3137,Low,1,No,1,"Established, Higher-Income Employees"
628,Sales,Sales Executive,Bachelor,25,5.0,6029.67,95.0,2019-11-01,Yes,5191.23,838.44,16.2,Within Expected Range,0.3901,Medium,1,Yes,1,"Established, Higher-Income Employees"
544,Finance,Accountant,High School,25,1.0,3106.45,89.0,2023-01-14,No,3152.02,-45.57,-1.4,Within Expected Range,0.5448,Medium,1,No,0,"Short-Tenure, Lower-Income Employees"
478,Sales,Account Rep,Bachelor,35,4.0,5100.22,69.0,2020-07-13,No,4799.93,300.29,6.3,Within Expected Range,0.3145,Low,0,Yes,0,"Short-Tenure, Lower-Income Employees"
533,Sales,Sales Executive,High School,29,7.0,4857.52,100.0,2017-04-12,No,4833.35,24.17,0.5,Within Expected Range,0.369,Medium,1,Yes,1,"Established, Higher-Income Employees"
513,Engineering,Senior Engineer,Master,28,1.0,4486.51,54.0,2023-10-17,Yes,5004.92,-518.41,-10.4,Within Expected Range,0.686,High,0,No,0,"Short-Tenure, Lower-Income Employees"
259,Engineering,QA Engineer,Bachelor,25,13.0,6999.02,77.0,2011-04-12,No,7151.06,-152.04,-2.1,Within Expected Range,0.1304,Low,0,No,1,"Established, Higher-Income Employees"
625,Engineering,Software Engineer,Bachelor,27,6.0,6809.49,50.0,2018-11-07,Yes,5475.88,1333.61,24.4,Within Expected Range,0.261,Low,0,No,1,"Established, Higher-Income Employees"
898,Finance,Finance Manager,Bachelor,27,1.4,3433.55,60.0,2023-06-09,Yes,4149.38,-715.83,-17.3,Within Expected Range,0.5191,Medium,0,No,0,"Short-Tenure, Lower-Income Employees"
136,Sales,Sales Manager,Bachelor,37,5.0,3824.21,76.0,2019-08-19,No,5049.6,-1225.39,-24.3,Within Expected Range,0.468,Medium,0,No,0,"Short-Tenure, Lower-Income Employees"
617,Sales,Sales Manager,PhD,27,2.0,4845.55,88.0,2022-05-22,No,6014.61,-1169.06,-19.4,Within Expected Range,0.5196,Medium,1,No,0,"Short-Tenure, Lower-Income Employees"
982,Marketing,Marketing Analyst,Master,47,2.0,4750.97,83.0,2022-02-07,No,5295.03,-544.06,-10.3,Within Expected Range,0.6489,Medium,0,No,0,"Short-Tenure, Lower-Income Employees"
704,Engineering,Software Engineer,Bachelor,38,5.0,6211.25,86.0,2019-03-23,No,5238.35,972.9,18.6,Within Expected Range,0.3212,Low,1,No,1,"Established, Higher-Income Employees"
593,Finance,Financial Analyst,Bachelor,24,0.0,3177.62,66.0,2024-06-02,No,3822.35,-644.73,-16.9,Within Expected Range,0.524,Medium,0,No,0,"Short-Tenure, Lower-Income Employees"
846,Sales,Sales Executive,Master,46,7.0,5924.35,76.0,2017-01-09,No,6566.04,-641.69,-9.8,Within Expected Range,0.6043,Medium,0,Yes,1,"Established, Higher-Income Employees"
502,Finance,Financial Analyst,Master,43,0.0,5091.12,61.0,2024-02-18,No,4697.92,393.2,8.4,Within Expected Range,0.6316,Medium,0,No,0,"Short-Tenure, Lower-Income Employees"
539,Engineering,QA Engineer,Master,47,2.6,6327.01,58.0,2019-04-14,No,5435.31,891.7,16.4,Within Expected Range,0.49,Medium,0,No,1,"Established, Higher-Income Employees"
713,Sales,Sales Manager,Bachelor,31,2.8,4004.48,82.0,2023-12-26,No,4496.59,-492.11,-10.9,Within Expected Range,0.4451,Medium,0,No,0,"Short-Tenure, Lower-Income Employees"
582,Engineering,Senior Engineer,Master,28,3.0,5480.72,85.0,2021-11-25,Yes,5505.81,-25.09,-0.5,Within Expected Range,0.5638,Medium,1,No,0,"Short-Tenure, Lower-Income Employees"
344,Marketing,Marketing Analyst,Bachelor,21,0.0,3880.82,65.0,2024-07-16,No,3913.34,-32.52,-0.8,Within Expected Range,0.506,Medium,0,No,0,"Short-Tenure, Lower-Income Employees"
752,Finance,Financial Analyst,High School,40,1.0,3006.31,62.0,2023-03-12,No,3224.47,-218.16,-6.8,Within Expected Range,0.5626,Medium,0,No,0,"Short-Tenure, Lower-Income Employees"
663,HR,HR Specialist,Bachelor,31,5.0,5940.08,65.0,2019-02-24,No,5132.24,807.84,15.7,Within Expected Range,0.231,Low,0,Yes,1,"Established, Higher-Income Employees"
294,Sales,Account Rep,Master,36,6.0,5856.65,79.0,2018-06-16,No,6160.28,-303.63,-4.9,Within Expected Range,0.3058,Low,0,Yes,1,"Established, Higher-Income Employees"
365,Marketing,Marketing Analyst,PhD,35,1.0,6715.73,81.0,2023-02-11,No,5895.79,819.94,13.9,Within Expected Range,0.5566,Medium,0,No,0,"Short-Tenure, Lower-Income Employees"
669,Finance,Accountant,High School,29,3.0,3879.72,78.0,2021-02-09,No,3653.14,226.58,6.2,Within Expected Range,0.5144,Medium,0,No,0,"Short-Tenure, Lower-Income Employees"
15,Sales,Sales Executive,Bachelor,26,7.0,5614.02,60.0,2017-04-27,Yes,5688.1,-74.08,-1.3,Within Expected Range,0.4346,Medium,0,Yes,1,"Established, Higher-Income Employees"
87,Marketing,Marketing Manager,High School,41,13.0,5692.69,79.0,2011-12-16,No,6311.71,-619.02,-9.8,Within Expected Range,0.2747,Low,0,Yes,1,"Established, Higher-Income Employees"
371,HR,HR Manager,Bachelor,32,1.0,4466.04,79.0,2023-10-23,No,4138.26,327.78,7.9,Within Expected Range,0.5128,Medium,0,No,0,"Short-Tenure, Lower-Income Employees"
166,Engineering,Senior Engineer,Bachelor,29,1.8,4218.87,89.0,2023-10-26,Yes,4347.6,-128.73,-3.0,Within Expected Range,0.5803,Medium,1,No,0,"Short-Tenure, Lower-Income Employees"
935,Engineering,Software Engineer,Bachelor,45,2.0,3244.52,76.4,2022-02-13,No,4495.54,-1251.02,-27.8,Within Expected Range,0.5822,Medium,0,No,0,"Short-Tenure, Lower-Income Employees"
336,Sales,Account Rep,Bachelor,29,7.0,5610.78,64.0,2017-09-16,No,5542.5,68.27,1.2,Within Expected Range,0.2263,Low,0,Yes,1,"Established, Higher-Income Employees"
60,HR,Recruiter,Bachelor,36,7.0,4792.68,79.0,2017-12-15,No,5738.15,-945.47,-16.5,Within Expected Range,0.3986,Medium,0,Yes,1,"Established, Higher-Income Employees"
355,Finance,Finance Manager,Master,39,2.8,6720.56,70.0,2020-11-16,Yes,5369.28,1351.28,25.2,Within Expected Range,0.463,Medium,0,No,1,"Established, Higher-Income Employees"
425,Sales,Sales Manager,Master,36,2.0,3635.73,45.0,2022-01-12,No,5158.75,-1523.02,-29.5,Within Expected Range,0.6344,Medium,0,No,0,"Short-Tenure, Lower-Income Employees"
293,HR,HR Specialist,Bachelor,41,6.0,5137.75,83.0,2018-09-24,No,5391.17,-253.42,-4.7,Within Expected Range,0.2838,Low,0,Yes,1,"Established, Higher-Income Employees"
42,Finance,Finance Manager,PhD,38,3.0,6312.66,94.0,2021-06-03,No,6280.25,32.41,0.5,Within Expected Range,0.5102,Medium,1,No,1,"Established, Higher-Income Employees"
330,Sales,Sales Manager,Bachelor,37,1.0,2916.68,84.0,2023-01-22,No,4052.97,-1136.29,-28.0,Within Expected Range,0.5713,Medium,0,No,0,"Short-Tenure, Lower-Income Employees"
615,HR,Recruiter,Master,37,0.0,5798.65,56.0,2024-02-26,No,4852.32,946.33,19.5,Within Expected Range,0.5736,Medium,0,Yes,0,"Short-Tenure, Lower-Income Employees"
430,Sales,Account Rep,Bachelor,24,7.0,4114.35,63.0,2017-06-13,No,5538.28,-1423.93,-25.7,Within Expected Range,0.2596,Low,0,Yes,0,"Short-Tenure, Lower-Income Employees"
80,Engineering,Senior Engineer,Master,21,14.0,7857.98,75.0,2010-11-14,No,8241.63,-383.65,-4.7,Within Expected Range,0.2447,Low,0,No,1,"Established, Higher-Income Employees"
255,Sales,Account Rep,Master,34,2.0,4539.84,79.0,2022-08-15,No,5161.4,-621.56,-12.0,Within Expected Range,0.4188,Medium,0,Yes,0,"Short-Tenure, Lower-Income Employees"
797,Sales,Account Rep,High School,27,5.0,3575.01,58.0,2019-09-08,No,4181.62,-606.61,-14.5,Within Expected Range,0.2748,Low,0,Yes,0,"Short-Tenure, Lower-Income Employees"
459,Engineering,QA Engineer,Bachelor,34,0.0,3443.0,69.0,2024-07-20,No,3916.97,-473.97,-12.1,Within Expected Range,0.5077,Medium,0,No,0,"Short-Tenure, Lower-Income Employees"
384,Finance,Finance Manager,Bachelor,45,2.0,4401.43,72.0,2022-03-13,No,4314.79,86.64,2.0,Within Expected Range,0.5663,Medium,0,No,0,"Short-Tenure, Lower-Income Employees"
314,HR,HR Specialist,Bachelor,52,0.0,2610.39,79.0,2024-10-08,Yes,3904.17,-1293.78,-33.1,Within Expected Range,0.5853,Medium,0,Yes,0,"Short-Tenure, Lower-Income Employees"
85,Marketing,Marketing Manager,Bachelor,34,0.0,3902.05,65.0,2024-11-02,No,3924.07,-22.02,-0.6,Within Expected Range,0.612,Medium,0,Yes,0,"Short-Tenure, Lower-Income Employees"
575,Sales,Sales Manager,Master,26,1.0,4642.03,53.0,2023-10-05,Yes,4901.73,-259.7,-5.3,Within Expected Range,0.52,Medium,0,No,0,"Short-Tenure, Lower-Income Employees"
137,Finance,Financial Analyst,High School,51,0.0,2442.98,79.0,2024-01-22,Yes,2985.54,-542.56,-18.2,Within Expected Range,0.6565,High,0,No,0,"Short-Tenure, Lower-Income Employees"
112,Engineering,Senior Engineer,Bachelor,34,0.0,3646.56,70.0,2024-06-07,Yes,3901.6,-255.04,-6.5,Within Expected Range,0.6936,High,0,No,0,"Short-Tenure, Lower-Income Employees"
195,Engineering,QA Engineer,Bachelor,29,2.0,4812.82,82.0,2022-05-05,No,4412.39,400.43,9.1,Within Expected Range,0.3523,Medium,0,No,0,"Short-Tenure, Lower-Income Employees"
179,Sales,Sales Manager,Bachelor,51,1.0,4621.25,69.0,2023-06-16,Yes,4063.48,557.77,13.7,Within Expected Range,0.6006,Medium,0,No,0,"Short-Tenure, Lower-Income Employees"
939,Sales,Sales Executive,High School,29,1.0,3580.66,52.0,2023-02-21,No,3333.99,246.67,7.4,Within Expected Range,0.6029,Medium,0,Yes,0,"Short-Tenure, Lower-Income Employees"
130,Engineering,Software Engineer,Bachelor,22,0.0,3122.56,75.0,2024-02-14,No,3977.74,-855.18,-21.5,Within Expected Range,0.4641,Medium,0,No,0,"Short-Tenure, Lower-Income Employees"
338,Sales,Sales Executive,Bachelor,31,1.0,3992.62,77.0,2023-05-22,No,4197.66,-205.04,-4.9,Within Expected Range,0.6285,Medium,0,Yes,0,"Short-Tenure, Lower-Income Employees"
609,Finance,Financial Analyst,Master,44,1.0,4898.51,51.0,2023-01-02,No,4947.32,-48.81,-1.0,Within Expected Range,0.6452,Medium,0,No,0,"Short-Tenure, Lower-Income Employees"
125,Engineering,Senior Engineer,Bachelor,38,14.0,6146.51,75.0,2010-05-15,No,7395.57,-1249.06,-16.9,Within Expected Range,0.3603,Medium,0,No,1,"Established, Higher-Income Employees"
105,Marketing,Content Specialist,Bachelor,33,11.0,5346.5,87.0,2013-02-15,No,6459.14,-1112.64,-17.2,Within Expected Range,0.2134,Low,1,No,1,"Established, Higher-Income Employees"
227,Finance,Finance Manager,Master,33,1.0,6551.13,89.0,2023-07-21,Yes,4916.94,1634.19,33.2,Within Expected Range,0.433,Medium,1,No,0,"Short-Tenure, Lower-Income Employees"
269,Sales,Account Rep,Master,36,6.0,6581.47,38.0,2018-12-17,No,6157.27,424.2,6.9,Within Expected Range,0.3243,Low,0,Yes,1,"Established, Higher-Income Employees"
153,Sales,Account Rep,Bachelor,47,0.0,4252.59,53.0,2024-05-21,No,3811.49,441.1,11.6,Within Expected Range,0.5249,Medium,0,Yes,0,"Short-Tenure, Lower-Income Employees"
585,HR,HR Specialist,Bachelor,37,1.0,3864.43,59.0,2023-08-06,No,4139.56,-275.13,-6.6,Within Expected Range,0.4277,Medium,0,Yes,0,"Short-Tenure, Lower-Income Employees"
104,Sales,Sales Manager,Master,29,13.0,7375.1,76.0,2011-07-11,No,7897.58,-522.48,-6.6,Within Expected Range,0.2046,Low,0,No,1,"Established, Higher-Income Employees"
594,Finance,Accountant,Bachelor,21,4.0,4848.07,62.0,2020-11-14,No,4754.8,93.27,2.0,Within Expected Range,0.4847,Medium,0,No,0,"Short-Tenure, Lower-Income Employees"
977,Marketing,Marketing Analyst,Bachelor,39,1.0,4294.05,60.0,2023-10-21,Yes,4177.22,116.83,2.8,Within Expected Range,0.5994,Medium,0,No,0,"Short-Tenure, Lower-Income Employees"
228,Marketing,Marketing Analyst,Bachelor,41,4.0,6413.62,67.0,2020-01-05,No,4927.31,1486.31,30.2,Within Expected Range,0.4425,Medium,0,No,1,"Established, Higher-Income Employees"
937,Finance,Finance Manager,Bachelor,42,2.0,5340.41,41.0,2022-11-23,No,4310.02,1030.39,23.9,Within Expected Range,0.5412,Medium,0,No,0,"Short-Tenure, Lower-Income Employees"
302,HR,HR Specialist,Bachelor,35,3.0,3778.36,79.0,2021-08-16,No,4637.98,-859.62,-18.5,Within Expected Range,0.3587,Medium,0,Yes,0,"Short-Tenure, Lower-Income Employees"
276,Sales,Account Rep,Bachelor,25,1.0,4687.25,66.0,2023-07-14,No,4043.49,643.76,15.9,Within Expected Range,0.3203,Low,0,Yes,0,"Short-Tenure, Lower-Income Employees"
127,Sales,Sales Executive,Bachelor,38,3.0,5225.92,60.0,2021-09-01,No,4700.83,525.09,11.2,Within Expected Range,0.6049,Medium,0,Yes,0,"Short-Tenure, Lower-Income Employees"
406,Sales,Sales Manager,Master,42,1.0,5973.93,81.0,2023-09-05,No,4917.07,1056.86,21.5,Within Expected Range,0.5213,Medium,0,No,0,"Short-Tenure, Lower-Income Employees"
943,Engineering,QA Engineer,Bachelor,31,4.0,5323.08,82.0,2020-12-26,No,4912.66,410.42,8.4,Within Expected Range,0.3109,Low,0,No,0,"Short-Tenure, Lower-Income Employees"
37,Engineering,Software Engineer,Bachelor,43,6.0,5929.37,63.0,2018-05-03,No,5490.12,439.25,8.0,Within Expected Range,0.3817,Medium,0,No,1,"Established, Higher-Income Employees"
140,HR,HR Specialist,Bachelor,36,0.0,3367.35,72.0,2024-11-21,No,3890.38,-523.03,-13.4,Within Expected Range,0.4446,Medium,0,Yes,0,"Short-Tenure, Lower-Income Employees"
304,Engineering,Software Engineer,Master,35,0.0,4320.28,69.0,2024-02-27,Yes,4848.26,-527.98,-10.9,Within Expected Range,0.5714,Medium,0,No,0,"Short-Tenure, Lower-Income Employees"
268,HR,Recruiter,PhD,43,7.0,8406.35,59.0,2017-01-10,No,7462.83,943.52,12.6,Within Expected Range,0.4276,Medium,0,Yes,1,"Established, Higher-Income Employees"
534,Sales,Account Rep,Bachelor,44,0.0,3005.32,64.0,2024-06-19,Yes,3809.81,-804.49,-21.1,Within Expected Range,0.5533,Medium,0,Yes,0,"Short-Tenure, Lower-Income Employees"
546,Marketing,Marketing Analyst,High School,33,4.0,3614.2,69.0,2020-08-10,No,4060.65,-446.45,-11.0,Within Expected Range,0.4597,Medium,0,No,0,"Short-Tenure, Lower-Income Employees"
213,Marketing,Marketing Analyst,Bachelor,50,2.0,3707.0,75.0,2022-10-19,No,4436.76,-729.76,-16.4,Within Expected Range,0.6638,High,0,No,0,"Short-Tenure, Lower-Income Employees"
469,HR,HR Manager,PhD,46,1.0,6490.24,51.0,2018-06-10,No,5868.16,622.08,10.6,Within Expected Range,0.679,High,0,No,0,"Short-Tenure, Lower-Income Employees"
199,Finance,Financial Analyst,Bachelor,23,3.0,5241.8,85.0,2021-08-11,Yes,4570.84,670.97,14.7,Within Expected Range,0.3362,Low,1,No,0,"Short-Tenure, Lower-Income Employees"
673,HR,Recruiter,PhD,38,0.0,5801.9,87.0,2024-04-10,Yes,5715.6,86.3,1.5,Within Expected Range,0.6054,Medium,1,Yes,0,"Short-Tenure, Lower-Income Employees"
528,Engineering,Software Engineer,Bachelor,31,1.0,4041.82,82.0,2023-08-20,No,4235.03,-193.21,-4.6,Within Expected Range,0.4518,Medium,0,No,0,"Short-Tenure, Lower-Income Employees"
676,Sales,Sales Executive,High School,26,12.0,7606.01,76.0,2012-03-12,No,6075.63,1530.38,25.2,Within Expected Range,0.198,Low,0,Yes,1,"Established, Higher-Income Employees"
975,Engineering,Software Engineer,Master,44,0.0,3896.49,78.0,2024-02-04,No,4856.39,-959.9,-19.8,Within Expected Range,0.6404,Medium,0,No,0,"Short-Tenure, Lower-Income Employees"
242,Engineering,QA Engineer,High School,33,15.0,7305.57,65.0,2009-02-17,No,6795.26,510.31,7.5,Within Expected Range,0.1103,Low,0,No,1,"Established, Higher-Income Employees"
343,Engineering,Senior Engineer,Bachelor,25,9.0,6897.99,82.0,2015-12-13,Yes,6138.77,759.22,12.4,Within Expected Range,0.3102,Low,0,No,1,"Established, Higher-Income Employees"
550,Sales,Sales Executive,Bachelor,37,4.0,4284.73,72.0,2020-05-09,No,4950.19,-665.46,-13.4,Within Expected Range,0.6127,Medium,0,Yes,0,"Short-Tenure, Lower-Income Employees"
387,Engineering,Software Engineer,Master,31,0.0,6557.88,65.0,2024-09-02,No,4844.64,1713.24,35.4,Above Expected,0.4323,Medium,0,No,0,"Short-Tenure, Lower-Income Employees"
911,Finance,Finance Manager,Master,34,5.0,7038.58,67.0,2019-04-25,No,5913.38,1125.2,19.0,Within Expected Range,0.3806,Medium,0,No,1,"Established, Higher-Income Employees"
207,Engineering,Senior Engineer,Bachelor,45,4.0,4060.62,68.0,2024-08-07,No,4907.81,-847.19,-17.3,Within Expected Range,0.6855,High,0,No,0,"Short-Tenure, Lower-Income Employees"
696,Marketing,Marketing Analyst,Bachelor,32,3.0,4540.9,67.0,2021-01-20,No,4670.54,-129.64,-2.8,Within Expected Range,0.4947,Medium,0,No,0,"Short-Tenure, Lower-Income Employees"
818,Engineering,QA Engineer,PhD,34,1.0,5763.81,79.0,2023-02-17,No,5887.35,-123.54,-2.1,Within Expected Range,0.4962,Medium,0,No,0,"Short-Tenure, Lower-Income Employees"
74,Engineering,Software Engineer,Bachelor,38,1.0,3222.16,66.4,2023-01-13,No,4239.69,-1017.53,-24.0,Within Expected Range,0.5662,Medium,0,No,0,"Short-Tenure, Lower-Income Employees"
793,HR,Recruiter,Bachelor,37,3.0,4174.88,75.0,2023-03-19,No,4741.46,-566.58,-11.9,Within Expected Range,0.5102,Medium,0,Yes,0,"Short-Tenure, Lower-Income Employees"
734,Engineering,Software Engineer,Bachelor,22,3.0,3565.03,51.0,2021-10-15,No,4723.89,-1158.86,-24.5,Within Expected Range,0.4255,Medium,0,No,0,"Short-Tenure, Lower-Income Employees"
756,Sales,Account Rep,High School,36,1.0,4474.99,94.0,2023-05-10,No,3194.51,1280.48,40.1,Within Expected Range,0.3002,Low,1,Yes,0,"Short-Tenure, Lower-Income Employees"
17,Engineering,QA Engineer,Bachelor,28,16.0,7188.72,51.0,2008-12-05,No,7899.56,-710.84,-9.0,Within Expected Range,0.1295,Low,0,No,1,"Established, Higher-Income Employees"
440,HR,HR Specialist,Master,33,2.0,5862.1,100.0,2022-09-04,No,5248.73,613.37,11.7,Within Expected Range,0.3002,Low,1,Yes,0,"Short-Tenure, Lower-Income Employees"
92,Sales,Account Rep,High School,21,0.0,4168.97,64.0,2024-09-10,No,2930.55,1238.42,42.3,Within Expected Range,0.2768,Low,0,Yes,0,"Short-Tenure, Lower-Income Employees"
89,Sales,Sales Executive,Bachelor,25,10.0,7295.23,85.0,2014-02-27,No,6437.02,858.21,13.3,Within Expected Range,0.2702,Low,1,Yes,1,"Established, Higher-Income Employees"
451,Sales,Account Rep,Bachelor,39,1.0,3063.7,72.0,2023-03-11,No,4055.55,-991.85,-24.5,Within Expected Range,0.4869,Medium,0,Yes,0,"Short-Tenure, Lower-Income Employees"
718,Marketing,Marketing Manager,Bachelor,42,0.0,4403.41,52.0,2024-12-13,No,3929.76,473.65,12.1,Within Expected Range,0.657,High,0,Yes,0,"Short-Tenure, Lower-Income Employees"
103,Engineering,Senior Engineer,Master,38,11.0,6842.52,77.0,2013-06-01,No,7507.97,-665.45,-8.9,Within Expected Range,0.439,Medium,0,No,1,"Established, Higher-Income Employees"
239,Sales,Sales Executive,Bachelor,34,1.0,4405.13,96.0,2023-06-22,Yes,4201.55,203.58,4.8,Within Expected Range,0.6017,Medium,1,Yes,0,"Short-Tenure, Lower-Income Employees"
769,Marketing,Marketing Analyst,High School,30,0.0,3444.84,91.0,2024-06-18,Yes,3062.55,382.29,12.5,Within Expected Range,0.4832,Medium,1,No,0,"Short-Tenure, Lower-Income Employees"
247,HR,HR Manager,Master,27,12.0,8672.92,77.0,2012-04-05,No,7736.5,936.42,12.1,Within Expected Range,0.1941,Low,0,No,1,"Established, Higher-Income Employees"
821,Sales,Sales Manager,Master,25,1.0,6007.8,55.0,2023-02-21,No,4901.05,1106.75,22.6,Within Expected Range,0.4385,Medium,0,No,0,"Short-Tenure, Lower-Income Employees"
158,Finance,Finance Manager,Bachelor,29,0.0,4475.85,80.0,2024-06-15,No,3803.49,672.36,17.7,Within Expected Range,0.4728,Medium,0,No,0,"Short-Tenure, Lower-Income Employees"
480,Sales,Sales Executive,Master,32,2.0,6459.62,69.0,2022-11-01,No,5307.38,1152.24,21.7,Within Expected Range,0.5738,Medium,0,Yes,0,"Short-Tenure, Lower-Income Employees"
974,Sales,Account Rep,Master,38,2.0,5998.73,79.0,2022-11-03,No,5164.72,834.01,16.1,Within Expected Range,0.3722,Medium,0,Yes,0,"Short-Tenure, Lower-Income Employees"
19,Finance,Accountant,High School,35,4.0,3269.89,57.0,2020-01-14,No,3905.88,-635.99,-16.3,Within Expected Range,0.6008,Medium,0,No,0,"Short-Tenure, Lower-Income Employees"
751,Finance,Finance Manager,Bachelor,23,0.0,3287.68,61.0,2024-08-09,No,3797.11,-509.43,-13.4,Within Expected Range,0.5209,Medium,0,No,0,"Short-Tenure, Lower-Income Employees"
122,Sales,Sales Executive,Bachelor,30,3.0,5032.67,83.0,2021-06-12,No,4695.88,336.79,7.2,Within Expected Range,0.5271,Medium,0,Yes,0,"Short-Tenure, Lower-Income Employees"
886,Engineering,Software Engineer,Master,26,1.0,4662.17,79.0,2023-05-01,No,5090.83,-428.65,-8.4,Within Expected Range,0.4595,Medium,0,No,0,"Short-Tenure, Lower-Income Employees"
275,Engineering,Senior Engineer,Master,31,0.0,4598.57,77.8,2024-04-19,No,4759.86,-161.29,-3.4,Within Expected Range,0.6838,High,0,No,0,"Short-Tenure, Lower-Income Employees"
951,Marketing,Content Specialist,High School,34,3.0,2568.99,76.0,2021-10-02,No,3604.54,-1035.55,-28.7,Within Expected Range,0.4085,Medium,0,No,0,"Short-Tenure, Lower-Income Employees"
312,Sales,Sales Executive,Bachelor,41,3.0,5615.35,70.0,2021-06-14,No,4704.06,911.29,19.4,Within Expected Range,0.5914,Medium,0,Yes,0,"Short-Tenure, Lower-Income Employees"
806,Marketing,Marketing Manager,Master,31,2.0,5065.45,86.0,2022-12-19,No,5281.91,-216.46,-4.1,Within Expected Range,0.5383,Medium,1,Yes,0,"Short-Tenure, Lower-Income Employees"
902,HR,Recruiter,High School,21,0.0,3348.07,83.0,2024-05-16,No,3120.68,227.39,7.3,Within Expected Range,0.4106,Medium,0,Yes,0,"Short-Tenure, Lower-Income Employees"
547,HR,Recruiter,Bachelor,39,1.0,5941.09,63.0,2023-04-12,Yes,4243.62,1697.47,40.0,Within Expected Range,0.4825,Medium,0,Yes,0,"Short-Tenure, Lower-Income Employees"
182,Sales,Sales Manager,Bachelor,21,1.0,3735.07,86.0,2023-11-18,No,4039.83,-304.76,-7.5,Within Expected Range,0.4145,Medium,1,No,0,"Short-Tenure, Lower-Income Employees"
185,Sales,Sales Manager,PhD,36,1.0,5741.44,71.0,2023-02-04,Yes,5771.52,-30.08,-0.5,Within Expected Range,0.5765,Medium,0,No,0,"Short-Tenure, Lower-Income Employees"
407,Sales,Account Rep,High School,22,0.0,2816.11,63.0,2024-01-18,Yes,2931.31,-115.2,-3.9,Within Expected Range,0.3449,Low,0,Yes,0,"Short-Tenure, Lower-Income Employees"
720,Sales,Account Rep,Master,33,3.0,6763.72,82.0,2021-09-17,No,5410.09,1353.63,25.0,Within Expected Range,0.2871,Low,0,Yes,1,"Established, Higher-Income Employees"
607,Finance,Finance Manager,Bachelor,33,0.0,3188.86,57.0,2024-09-13,No,3805.11,-616.25,-16.2,Within Expected Range,0.6007,Medium,0,No,0,"Short-Tenure, Lower-Income Employees"
693,Engineering,Senior Engineer,Bachelor,33,7.0,6362.28,67.0,2017-02-05,No,5645.69,716.59,12.7,Within Expected Range,0.4404,Medium,0,No,1,"Established, Higher-Income Employees"
521,Sales,Account Rep,Master,31,1.0,4679.77,80.0,2023-04-26,No,4909.67,-229.9,-4.7,Within Expected Range,0.4063,Medium,0,Yes,0,"Short-Tenure, Lower-Income Employees"
381,Sales,Account Rep,PhD,23,0.0,3468.06,56.0,2024-02-15,No,5512.14,-2044.07,-37.1,Below Expected,0.5357,Medium,0,Yes,0,"Short-Tenure, Lower-Income Employees"
411,Marketing,Marketing Analyst,Master,26,0.0,5738.53,54.0,2024-04-24,No,4776.86,961.67,20.1,Within Expected Range,0.5303,Medium,0,No,0,"Short-Tenure, Lower-Income Employees"
635,Sales,Sales Executive,Bachelor,36,4.0,4628.47,72.8,2020-01-08,No,4949.42,-320.95,-6.5,Within Expected Range,0.5875,Medium,0,Yes,0,"Short-Tenure, Lower-Income Employees"
370,HR,HR Specialist,High School,25,2.0,3102.93,74.0,2022-10-16,No,3519.84,-416.91,-11.8,Within Expected Range,0.2877,Low,0,Yes,0,"Short-Tenure, Lower-Income Employees"
859,Marketing,Marketing Analyst,High School,21,4.0,3755.77,63.0,2020-11-27,No,4050.25,-294.48,-7.3,Within Expected Range,0.3792,Medium,0,No,0,"Short-Tenure, Lower-Income Employees"
883,Marketing,Marketing Analyst,Master,42,1.0,5364.2,48.0,2023-01-26,No,5039.0,325.2,6.5,Within Expected Range,0.6493,Medium,0,No,0,"Short-Tenure, Lower-Income Employees"
801,HR,Recruiter,PhD,33,7.0,5729.8,92.0,2017-10-02,Yes,7456.95,-1727.15,-23.2,Below Expected,0.4502,Medium,1,Yes,1,"Established, Higher-Income Employees"
79,Sales,Sales Executive,Bachelor,29,1.0,4687.27,87.0,2023-05-05,No,4196.73,490.54,11.7,Within Expected Range,0.566,Medium,1,Yes,0,"Short-Tenure, Lower-Income Employees"
574,Finance,Financial Analyst,Bachelor,50,1.0,5022.1,81.0,2023-11-15,Yes,4094.34,927.76,22.7,Within Expected Range,0.5699,Medium,0,No,0,"Short-Tenure, Lower-Income Employees"
638,Finance,Finance Manager,Bachelor,38,6.0,3897.26,75.0,2018-03-17,Yes,5306.42,-1409.16,-26.6,Within Expected Range,0.4721,Medium,0,No,0,"Short-Tenure, Lower-Income Employees"
608,Engineering,Senior Engineer,PhD,41,7.0,8448.42,53.0,2017-09-18,No,7371.64,1076.78,14.6,Within Expected Range,0.5487,Medium,0,No,1,"Established, Higher-Income Employees"
843,Finance,Accountant,PhD,28,1.0,4595.87,78.0,2023-09-04,Yes,5734.21,-1138.34,-19.9,Within Expected Range,0.7041,High,0,No,0,"Short-Tenure, Lower-Income Employees"
69,HR,HR Manager,Master,26,11.0,4917.25,75.0,2013-09-01,No,7486.22,-2568.97,-34.3,Below Expected,0.3586,Medium,0,No,1,"Established, Higher-Income Employees"
881,Engineering,Software Engineer,PhD,39,0.0,5867.38,72.0,2024-11-17,No,5711.97,155.41,2.7,Within Expected Range,0.5844,Medium,0,No,0,"Short-Tenure, Lower-Income Employees"
980,Marketing,Marketing Manager,Bachelor,43,0.0,2830.64,63.0,2024-11-03,No,3931.39,-1100.75,-28.0,Within Expected Range,0.7202,High,0,Yes,0,"Short-Tenure, Lower-Income Employees"
417,Sales,Sales Executive,PhD,30,0.0,5888.64,78.0,2024-07-26,Yes,5667.94,220.7,3.9,Within Expected Range,0.6746,High,0,Yes,0,"Short-Tenure, Lower-Income Employees"
790,HR,HR Specialist,PhD,42,2.6,7120.59,62.0,2017-07-14,No,6263.16,857.43,13.7,Within Expected Range,0.4027,Medium,0,Yes,1,"Established, Higher-Income Employees"
562,Finance,Finance Manager,Bachelor,40,0.0,3771.24,62.0,2024-12-03,Yes,3811.29,-40.05,-1.1,Within Expected Range,0.6113,Medium,0,No,0,"Short-Tenure, Lower-Income Employees"
68,Engineering,Software Engineer,Bachelor,26,5.0,5070.65,70.0,2019-10-11,No,5227.22,-156.57,-3.0,Within Expected Range,0.3205,Low,0,No,0,"Short-Tenure, Lower-Income Employees"
537,Sales,Account Rep,Bachelor,39,0.0,4329.1,62.0,2024-02-06,No,3805.51,523.59,13.8,Within Expected Range,0.4518,Medium,0,Yes,0,"Short-Tenure, Lower-Income Employees"
78,Marketing,Marketing Analyst,High School,38,1.0,3362.59,63.0,2023-05-19,No,3316.44,46.15,1.4,Within Expected Range,0.567,Medium,0,No,0,"Short-Tenure, Lower-Income Employees"
106,HR,Recruiter,Master,34,0.0,5110.2,74.0,2024-04-06,No,4851.15,259.05,5.3,Within Expected Range,0.5629,Medium,0,Yes,0,"Short-Tenure, Lower-Income Employees"
829,Engineering,QA Engineer,Bachelor,35,3.0,5570.36,64.0,2021-10-15,No,4665.35,905.01,19.4,Within Expected Range,0.3628,Medium,0,No,0,"Short-Tenure, Lower-Income Employees"
639,Finance,Financial Analyst,Bachelor,33,2.0,3535.12,76.0,2022-08-23,No,4329.17,-794.05,-18.3,Within Expected Range,0.5199,Medium,0,No,0,"Short-Tenure, Lower-Income Employees"
560,Finance,Accountant,Master,43,3.0,6252.52,83.0,2021-05-19,No,5385.47,867.05,16.1,Within Expected Range,0.6201,Medium,0,No,1,"Established, Higher-Income Employees"
808,Engineering,QA Engineer,PhD,25,3.0,7305.81,84.0,2021-05-21,No,6378.86,926.95,14.5,Within Expected Range,0.3193,Low,0,No,1,"Established, Higher-Income Employees"
691,HR,HR Manager,Bachelor,41,0.0,3745.08,83.0,2024-10-24,Yes,3896.72,-151.64,-3.9,Within Expected Range,0.6225,Medium,0,No,0,"Short-Tenure, Lower-Income Employees"
641,Sales,Account Rep,Master,26,1.0,3185.05,68.0,2023-08-23,No,4904.64,-1719.59,-35.1,Below Expected,0.4663,Medium,0,Yes,0,"Short-Tenure, Lower-Income Employees"
995,Sales,Account Rep,Master,27,7.0,5386.22,100.0,2017-06-08,No,6403.66,-1017.44,-15.9,Within Expected Range,0.2381,Low,1,Yes,1,"Established, Higher-Income Employees"
922,Sales,Account Rep,High School,38,2.0,3241.64,73.0,2022-08-08,No,3443.93,-202.29,-5.9,Within Expected Range,0.3832,Medium,0,Yes,0,"Short-Tenure, Lower-Income Employees"
736,Engineering,QA Engineer,PhD,47,0.0,4224.55,82.0,2024-07-09,Yes,5649.06,-1424.51,-25.2,Within Expected Range,0.6734,High,0,No,0,"Short-Tenure, Lower-Income Employees"
826,Engineering,Senior Engineer,Master,21,2.0,5660.84,71.0,2022-05-06,No,5249.67,411.17,7.8,Within Expected Range,0.5427,Medium,0,No,0,"Short-Tenure, Lower-Income Employees"
491,Finance,Finance Manager,Master,28,5.0,5468.67,77.0,2019-02-11,No,5909.14,-440.47,-7.5,Within Expected Range,0.4055,Medium,0,No,1,"Established, Higher-Income Employees"
894,Engineering,QA Engineer,Bachelor,40,3.0,3814.46,76.0,2021-04-13,No,4670.38,-855.92,-18.3,Within Expected Range,0.4693,Medium,0,No,0,"Short-Tenure, Lower-Income Employees"
606,HR,Recruiter,Master,40,0.0,5730.28,63.0,2024-01-18,No,4855.32,874.96,18.0,Within Expected Range,0.5877,Medium,0,Yes,0,"Short-Tenure, Lower-Income Employees"
364,HR,HR Specialist,Master,44,1.0,5085.53,80.0,2023-09-13,No,5007.08,78.45,1.6,Within Expected Range,0.4526,Medium,0,Yes,0,"Short-Tenure, Lower-Income Employees"
70,Sales,Sales Executive,Master,24,0.0,6155.06,88.0,2024-08-09,No,4803.52,1351.54,28.1,Within Expected Range,0.5405,Medium,1,Yes,0,"Short-Tenure, Lower-Income Employees"
549,Sales,Account Rep,Bachelor,34,2.0,4618.75,73.0,2022-08-12,No,4300.78,317.97,7.4,Within Expected Range,0.3558,Medium,0,Yes,0,"Short-Tenure, Lower-Income Employees"
161,Sales,Account Rep,Bachelor,29,6.8,5581.42,71.0,2014-05-03,Yes,5493.15,88.27,1.6,Within Expected Range,0.2227,Low,0,Yes,1,"Established, Higher-Income Employees"
12,Sales,Sales Executive,Bachelor,23,1.0,3645.37,65.0,2023-08-09,Yes,4190.14,-544.77,-13.0,Within Expected Range,0.6093,Medium,0,Yes,0,"Short-Tenure, Lower-Income Employees"
145,Engineering,Software Engineer,Bachelor,51,2.0,3570.21,71.0,2022-05-20,No,4500.12,-929.91,-20.7,Within Expected Range,0.6137,Medium,0,No,0,"Short-Tenure, Lower-Income Employees"
518,Sales,Sales Manager,Bachelor,38,4.0,4896.99,70.0,2020-09-25,No,4800.68,96.31,2.0,Within Expected Range,0.4444,Medium,0,No,0,"Short-Tenure, Lower-Income Employees"
640,Sales,Account Rep,Bachelor,54,1.0,4532.11,76.0,2023-01-12,No,4068.3,463.81,11.4,Within Expected Range,0.5089,Medium,0,Yes,0,"Short-Tenure, Lower-Income Employees"
177,Engineering,QA Engineer,Bachelor,38,2.0,5109.06,61.0,2022-03-25,No,4418.31,690.75,15.6,Within Expected Range,0.4263,Medium,0,No,0,"Short-Tenure, Lower-Income Employees"
441,Marketing,Marketing Manager,Bachelor,26,10.0,5208.65,71.0,2014-05-26,No,6410.93,-1202.28,-18.8,Within Expected Range,0.3196,Low,0,Yes,1,"Established, Higher-Income Employees"
522,Sales,Account Rep,Bachelor,38,5.0,5061.5,60.0,2019-01-23,No,5051.06,10.44,0.2,Within Expected Range,0.3313,Low,0,Yes,0,"Short-Tenure, Lower-Income Employees"
923,Engineering,QA Engineer,Bachelor,41,1.0,3469.73,60.0,2023-10-21,No,4171.42,-701.69,-16.8,Within Expected Range,0.5513,Medium,0,No,0,"Short-Tenure, Lower-Income Employees"
999,Sales,Sales Manager,Bachelor,37,0.0,3348.96,74.8,2024-10-17,No,3802.98,-454.02,-11.9,Within Expected Range,0.5787,Medium,0,No,0,"Short-Tenure, Lower-Income Employees"
689,Sales,Sales Executive,Bachelor,24,10.0,6353.62,81.0,2014-05-03,No,6435.9,-82.28,-1.3,Within Expected Range,0.31,Low,0,Yes,1,"Established, Higher-Income Employees"
232,Sales,Sales Manager,High School,25,2.0,2154.77,69.0,2022-06-20,No,3431.04,-1276.27,-37.2,Within Expected Range,0.4617,Medium,0,No,0,"Short-Tenure, Lower-Income Employees"
211,Engineering,Senior Engineer,Master,21,1.0,3924.15,57.0,2023-02-13,No,4999.33,-1075.18,-21.5,Within Expected Range,0.6651,High,0,No,0,"Short-Tenure, Lower-Income Employees"
144,HR,Recruiter,Master,40,2.0,4269.67,67.0,2022-09-21,No,5354.23,-1084.56,-20.3,Within Expected Range,0.6233,Medium,0,Yes,0,"Short-Tenure, Lower-Income Employees"
754,Engineering,Senior Engineer,Bachelor,37,4.0,5481.7,72.0,2020-06-21,No,4901.46,580.24,11.8,Within Expected Range,0.5578,Medium,0,No,0,"Short-Tenure, Lower-Income Employees"
520,Sales,Sales Executive,High School,37,9.0,5149.45,72.0,2015-08-18,No,5336.55,-187.1,-3.5,Within Expected Range,0.4143,Medium,0,Yes,1,"Established, Higher-Income Employees"
349,Sales,Account Rep,Bachelor,31,3.0,3303.77,53.0,2021-01-16,No,4546.13,-1242.36,-27.3,Within Expected Range,0.4128,Medium,0,Yes,0,"Short-Tenure, Lower-Income Employees"
767,Engineering,QA Engineer,High School,42,4.0,4054.76,55.0,2020-06-10,Yes,4059.63,-4.87,-0.1,Within Expected Range,0.414,Medium,0,No,0,"Short-Tenure, Lower-Income Employees"
429,Marketing,Marketing Manager,Master,28,0.0,4727.78,55.0,2024-12-02,No,4778.53,-50.75,-1.1,Within Expected Range,0.6121,Medium,0,Yes,0,"Short-Tenure, Lower-Income Employees"
613,Sales,Account Rep,Bachelor,23,13.0,7983.03,70.0,2011-10-16,No,7033.8,949.23,13.5,Within Expected Range,0.088,Low,0,Yes,1,"Established, Higher-Income Employees"
985,HR,Recruiter,High School,26,1.6,4072.56,60.0,2021-04-15,No,3522.03,550.53,15.6,Within Expected Range,0.4138,Medium,0,Yes,0,"Short-Tenure, Lower-Income Employees"
994,Sales,Account Rep,Bachelor,32,0.0,4175.42,74.0,2024-03-26,No,3800.59,374.83,9.9,Within Expected Range,0.3949,Medium,0,Yes,0,"Short-Tenure, Lower-Income Employees"
9,Marketing,Marketing Manager,Bachelor,30,0.0,3765.31,73.0,2024-04-05,No,3921.34,-156.03,-4.0,Within Expected Range,0.5807,Medium,0,Yes,0,"Short-Tenure, Lower-Income Employees"
157,Engineering,Software Engineer,High School,42,0.0,3258.92,72.0,2024-04-11,No,3133.94,124.98,4.0,Within Expected Range,0.5303,Medium,0,No,0,"Short-Tenure, Lower-Income Employees"
540,Sales,Account Rep,Bachelor,36,0.0,3386.84,70.0,2024-11-15,No,3803.61,-416.77,-11.0,Within Expected Range,0.4687,Medium,0,Yes,0,"Short-Tenure, Lower-Income Employees"
507,Marketing,Marketing Analyst,Bachelor,39,3.0,4159.14,63.0,2021-05-17,No,4676.05,-516.91,-11.1,Within Expected Range,0.5692,Medium,0,No,0,"Short-Tenure, Lower-Income Employees"
437,Engineering,Senior Engineer,High School,32,4.0,3726.75,59.0,2020-07-24,No,4036.18,-309.43,-7.7,Within Expected Range,0.5629,Medium,0,No,0,"Short-Tenure, Lower-Income Employees"
267,Sales,Sales Executive,PhD,32,3.0,4829.83,84.0,2021-01-13,No,6417.96,-1588.13,-24.7,Within Expected Range,0.6835,High,0,Yes,0,"Short-Tenure, Lower-Income Employees"
827,Sales,Sales Executive,Bachelor,32,3.0,5050.46,68.0,2021-04-13,No,4696.44,354.02,7.5,Within Expected Range,0.5617,Medium,0,Yes,0,"Short-Tenure, Lower-Income Employees"
462,Finance,Accountant,High School,31,7.0,4695.57,70.0,2017-05-18,No,4651.44,44.13,0.9,Within Expected Range,0.4298,Medium,0,No,1,"Established, Higher-Income Employees"
577,Marketing,Marketing Manager,Master,36,3.0,6567.5,84.0,2021-06-14,Yes,5535.22,1032.28,18.6,Within Expected Range,0.4803,Medium,0,Yes,1,"Established, Higher-Income Employees"
339,Marketing,Marketing Analyst,Bachelor,34,4.0,4557.81,63.0,2020-07-10,No,4921.21,-363.4,-7.4,Within Expected Range,0.4967,Medium,0,No,0,"Short-Tenure, Lower-Income Employees"
256,Marketing,Marketing Analyst,High School,32,7.0,4603.99,71.0,2017-09-13,Yes,4807.88,-203.89,-4.2,Within Expected Range,0.3514,Medium,0,No,1,"Established, Higher-Income Employees"
901,Marketing,Marketing Manager,Master,37,4.0,6927.74,73.0,2020-06-08,No,5784.55,1143.19,19.8,Within Expected Range,0.4674,Medium,0,Yes,1,"Established, Higher-Income Employees"
666,Engineering,Software Engineer,High School,35,3.0,4301.66,79.0,2021-06-04,No,3876.57,425.09,11.0,Within Expected Range,0.3686,Medium,0,No,0,"Short-Tenure, Lower-Income Employees"
561,Engineering,Senior Engineer,Bachelor,29,0.0,3360.22,59.0,2024-05-05,No,3896.64,-536.42,-13.8,Within Expected Range,0.6902,High,0,No,0,"Short-Tenure, Lower-Income Employees"
209,Engineering,Software Engineer,Bachelor,46,0.0,4960.34,58.0,2024-06-11,Yes,3996.4,963.94,24.1,Within Expected Range,0.5599,Medium,0,No,0,"Short-Tenure, Lower-Income Employees"
288,HR,HR Specialist,Bachelor,46,5.0,4443.26,90.0,2019-12-06,No,5146.53,-703.27,-13.7,Within Expected Range,0.3516,Medium,1,Yes,0,"Short-Tenure, Lower-Income Employees"
2,Marketing,Marketing Manager,Bachelor,30,1.0,2462.88,83.0,2023-11-10,Yes,4171.38,-1708.5,-41.0,Below Expected,0.6164,Medium,0,Yes,0,"Short-Tenure, Lower-Income Employees"
342,Engineering,QA Engineer,Bachelor,29,7.0,4974.43,84.0,2017-10-12,No,5659.06,-684.63,-12.1,Within Expected Range,0.2703,Low,0,No,1,"Established, Higher-Income Employees"
270,Engineering,Senior Engineer,Master,38,0.0,5058.61,78.0,2024-01-25,Yes,4765.68,292.93,6.1,Within Expected Range,0.7046,High,0,No,0,"Short-Tenure, Lower-Income Employees"
266,Marketing,Content Specialist,Master,33,3.0,4615.48,64.2,2021-04-01,No,5323.18,-707.7,-13.3,Within Expected Range,0.4522,Medium,0,No,0,"Short-Tenure, Lower-Income Employees"
864,Finance,Finance Manager,Master,27,2.0,3154.04,57.0,2022-02-19,No,5158.92,-2004.88,-38.9,Below Expected,0.5978,Medium,0,No,0,"Short-Tenure, Lower-Income Employees"
871,Engineering,Software Engineer,High School,47,0.0,3935.0,81.0,2024-04-14,No,3138.75,796.25,25.4,Within Expected Range,0.5167,Medium,0,No,0,"Short-Tenure, Lower-Income Employees"
96,Marketing,Marketing Manager,PhD,29,10.0,10311.14,65.0,2014-08-03,No,8133.32,2177.82,26.8,Above Expected,0.2418,Low,0,Yes,1,"Established, Higher-Income Employees"
727,HR,Recruiter,Bachelor,24,4.0,4566.08,85.0,2020-02-07,No,4980.71,-414.63,-8.3,Within Expected Range,0.37,Medium,1,Yes,0,"Short-Tenure, Lower-Income Employees"
43,Finance,Accountant,PhD,51,1.0,5492.22,70.0,2023-02-05,No,5752.71,-260.49,-4.5,Within Expected Range,0.7973,High,0,No,0,"Short-Tenure, Lower-Income Employees"
399,Engineering,Senior Engineer,High School,33,0.0,2941.44,58.0,2024-03-20,No,3039.72,-98.28,-3.2,Within Expected Range,0.6733,High,0,No,0,"Short-Tenure, Lower-Income Employees"
884,Marketing,Marketing Analyst,Master,22,4.6,7270.42,74.0,2012-11-13,No,5921.81,1348.61,22.8,Within Expected Range,0.3227,Low,0,No,1,"Established, Higher-Income Employees"
629,Engineering,Software Engineer,Bachelor,30,0.0,3915.3,57.0,2024-01-19,No,3983.05,-67.75,-1.7,Within Expected Range,0.5046,Medium,0,No,0,"Short-Tenure, Lower-Income Employees"
46,HR,HR Manager,Master,30,0.0,5046.57,94.0,2024-03-21,No,4748.57,298.0,6.3,Within Expected Range,0.5344,Medium,1,No,0,"Short-Tenure, Lower-Income Employees"
162,HR,Recruiter,Master,50,1.0,4861.62,91.0,2023-08-14,No,5114.98,-253.36,-5.0,Within Expected Range,0.6427,Medium,1,Yes,0,"Short-Tenure, Lower-Income Employees"
728,Finance,Finance Manager,Bachelor,35,0.0,3076.5,90.0,2024-08-23,No,3809.2,-732.7,-19.2,Within Expected Range,0.5735,Medium,1,No,0,"Short-Tenure, Lower-Income Employees"
630,Engineering,Senior Engineer,Master,33,1.0,6176.35,58.0,2023-02-03,Yes,5009.37,1166.98,23.3,Within Expected Range,0.6324,Medium,0,No,0,"Short-Tenure, Lower-Income Employees"
289,Marketing,Content Specialist,Bachelor,38,3.0,4831.35,68.0,2021-11-22,No,4467.44,363.91,8.1,Within Expected Range,0.4004,Medium,0,No,0,"Short-Tenure, Lower-Income Employees"
590,Finance,Accountant,High School,48,0.0,2850.44,84.0,2024-10-14,No,2921.43,-70.99,-2.4,Within Expected Range,0.7262,High,0,No,0,"Short-Tenure, Lower-Income Employees"
970,Finance,Financial Analyst,Master,35,0.0,4016.82,70.0,2024-01-02,No,4691.95,-675.13,-14.4,Within Expected Range,0.6198,Medium,0,No,0,"Short-Tenure, Lower-Income Employees"
576,Engineering,Software Engineer,Master,29,3.4,5866.52,69.0,2018-04-18,No,5690.92,175.6,3.1,Within Expected Range,0.3926,Medium,0,No,1,"Established, Higher-Income Employees"
851,Marketing,Marketing Analyst,Master,33,0.0,4640.93,81.0,2024-10-25,No,4784.65,-143.72,-3.0,Within Expected Range,0.5967,Medium,0,No,0,"Short-Tenure, Lower-Income Employees"
316,Engineering,Software Engineer,Master,41,7.0,5961.12,58.0,2017-04-15,No,6597.57,-636.45,-9.6,Within Expected Range,0.4257,Medium,0,No,1,"Established, Higher-Income Employees"
944,Engineering,QA Engineer,High School,27,4.0,5185.55,90.0,2020-04-25,No,4049.75,1135.79,28.0,Within Expected Range,0.2297,Low,1,No,0,"Short-Tenure, Lower-Income Employees"
231,HR,HR Manager,Bachelor,26,0.0,2994.85,72.0,2024-05-10,Yes,3883.46,-888.61,-22.9,Within Expected Range,0.5748,Medium,0,No,0,"Short-Tenure, Lower-Income Employees"
810,Sales,Sales Executive,Bachelor,42,2.0,4597.52,60.0,2022-10-07,No,4454.84,142.68,3.2,Within Expected Range,0.6766,High,0,Yes,0,"Short-Tenure, Lower-Income Employees"
699,Engineering,Senior Engineer,Bachelor,44,17.0,14739.25,65.0,2007-07-10,No,8147.73,6591.52,80.9,Above Expected,0.0862,Low,0,No,1,"Established, Higher-Income Employees"
877,Sales,Account Rep,Bachelor,38,5.0,4989.17,87.0,2019-04-23,No,5053.05,-63.88,-1.3,Within Expected Range,0.3007,Low,1,Yes,1,"Established, Higher-Income Employees"
712,Marketing,Content Specialist,High School,35,1.0,4006.23,82.0,2023-11-07,No,3107.2,899.03,28.9,Within Expected Range,0.3672,Medium,0,No,0,"Short-Tenure, Lower-Income Employees"
77,Sales,Sales Executive,Bachelor,41,3.0,4667.77,82.0,2021-08-14,No,4704.94,-37.17,-0.8,Within Expected Range,0.6224,Medium,0,Yes,0,"Short-Tenure, Lower-Income Employees"
634,Marketing,Marketing Analyst,Bachelor,23,2.0,5493.93,68.0,2022-05-14,No,4413.84,1080.09,24.5,Within Expected Range,0.3983,Medium,0,No,0,"Short-Tenure, Lower-Income Employees"
248,Marketing,Marketing Analyst,Bachelor,27,1.0,4523.41,68.0,2023-08-05,No,4167.85,355.56,8.5,Within Expected Range,0.493,Medium,0,No,0,"Short-Tenure, Lower-Income Employees"
820,HR,Recruiter,High School,30,0.0,3424.89,63.0,2024-12-05,Yes,3126.68,298.21,9.5,Within Expected Range,0.4977,Medium,0,Yes,0,"Short-Tenure, Lower-Income Employees"
825,Sales,Sales Executive,Master,34,6.0,7141.22,71.0,2018-02-04,No,6306.41,834.81,13.2,Within Expected Range,0.4819,Medium,0,Yes,1,"Established, Higher-Income Employees"
477,Sales,Sales Executive,High School,33,1.0,2857.58,58.0,2023-02-23,No,3337.75,-480.17,-14.4,Within Expected Range,0.6564,High,0,Yes,0,"Short-Tenure, Lower-Income Employees"
671,Marketing,Marketing Analyst,Bachelor,39,8.0,5905.44,72.0,2016-03-25,No,5923.24,-17.8,-0.3,Within Expected Range,0.3823,Medium,0,No,1,"Established, Higher-Income Employees"
86,HR,HR Specialist,High School,34,2.0,3170.84,93.0,2022-03-18,No,3528.7,-357.86,-10.1,Within Expected Range,0.3145,Low,1,Yes,0,"Short-Tenure, Lower-Income Employees"
470,Sales,Sales Executive,Bachelor,28,3.0,4289.13,63.0,2021-06-19,No,4692.75,-403.62,-8.6,Within Expected Range,0.5806,Medium,0,Yes,0,"Short-Tenure, Lower-Income Employees"
226,Sales,Sales Executive,Bachelor,34,0.0,3905.39,59.0,2024-04-04,No,3949.52,-44.13,-1.1,Within Expected Range,0.6901,High,0,Yes,0,"Short-Tenure, Lower-Income Employees"
775,HR,Recruiter,Bachelor,42,0.0,2651.51,81.0,2024-01-25,No,3998.13,-1346.62,-33.7,Within Expected Range,0.6615,High,0,Yes,0,"Short-Tenure, Lower-Income Employees"
332,Marketing,Content Specialist,High School,23,0.0,3826.5,54.0,2024-10-20,No,2845.87,980.63,34.5,Within Expected Range,0.3515,Medium,0,No,0,"Short-Tenure, Lower-Income Employees"
234,Marketing,Marketing Manager,Bachelor,34,1.0,4805.76,62.0,2023-09-12,No,4173.16,632.6,15.2,Within Expected Range,0.5536,Medium,0,Yes,0,"Short-Tenure, Lower-Income Employees"
589,Marketing,Marketing Manager,Master,25,1.0,4998.59,70.0,2023-11-10,No,5026.45,-27.86,-0.6,Within Expected Range,0.5399,Medium,0,Yes,0,"Short-Tenure, Lower-Income Employees"
476,Marketing,Marketing Manager,Bachelor,21,1.4,4187.15,71.0,2021-01-20,No,4262.75,-75.6,-1.8,Within Expected Range,0.4754,Medium,0,Yes,0,"Short-Tenure, Lower-Income Employees"
346,Marketing,Marketing Manager,Bachelor,36,0.0,3744.92,67.0,2024-11-22,No,3925.88,-180.96,-4.6,Within Expected Range,0.6302,Medium,0,Yes,0,"Short-Tenure, Lower-Income Employees"
983,Engineering,QA Engineer,Master,37,0.0,3987.38,74.0,2024-04-14,Yes,4780.0,-792.62,-16.6,Within Expected Range,0.5635,Medium,0,No,0,"Short-Tenure, Lower-Income Employees"
600,Finance,Accountant,Master,52,5.0,3673.12,56.0,2019-12-20,Yes,5889.57,-2216.45,-37.6,Below Expected,0.787,High,0,No,0,"Short-Tenure, Lower-Income Employees"
422,Engineering,Senior Engineer,Bachelor,32,9.0,6043.61,69.0,2015-09-04,No,6143.62,-100.01,-1.6,Within Expected Range,0.414,Medium,0,No,1,"Established, Higher-Income Employees"
688,Engineering,QA Engineer,Bachelor,28,8.0,5126.22,67.0,2016-12-05,No,5906.29,-780.07,-13.2,Within Expected Range,0.2646,Low,0,No,1,"Established, Higher-Income Employees"
183,Sales,Account Rep,Bachelor,41,3.0,4093.99,86.0,2021-08-18,No,4556.85,-462.86,-10.2,Within Expected Range,0.3941,Medium,1,Yes,0,"Short-Tenure, Lower-Income Employees"
618,Marketing,Content Specialist,Bachelor,38,1.0,5021.43,78.0,2023-12-23,No,3969.57,1051.86,26.5,Within Expected Range,0.4094,Medium,0,No,0,"Short-Tenure, Lower-Income Employees"
333,Sales,Sales Manager,PhD,31,2.0,6666.2,75.0,2022-12-03,No,6016.97,649.23,10.8,Within Expected Range,0.4707,Medium,0,No,1,"Established, Higher-Income Employees"
439,Engineering,Software Engineer,High School,43,1.0,3146.37,65.0,2023-02-22,No,3383.56,-237.19,-7.0,Within Expected Range,0.5365,Medium,0,No,0,"Short-Tenure, Lower-Income Employees"
931,Sales,Sales Manager,High School,45,0.0,2767.45,87.0,2024-05-22,No,2950.35,-182.9,-6.2,Within Expected Range,0.5766,Medium,1,No,0,"Short-Tenure, Lower-Income Employees"
6,Finance,Financial Analyst,Bachelor,35,1.0,4258.75,50.0,2023-01-25,Yes,4079.61,179.14,4.4,Within Expected Range,0.5503,Medium,0,No,0,"Short-Tenure, Lower-Income Employees"
530,Sales,Account Rep,Bachelor,27,2.2,3863.46,86.0,2024-02-27,No,4345.79,-482.33,-11.1,Within Expected Range,0.3274,Low,1,Yes,0,"Short-Tenure, Lower-Income Employees"
235,Sales,Sales Executive,PhD,39,2.0,7160.04,52.0,2022-09-02,Yes,6172.11,987.93,16.0,Within Expected Range,0.6747,High,0,Yes,1,"Established, Higher-Income Employees"
487,HR,HR Manager,High School,29,1.0,3734.05,53.0,2023-03-17,Yes,3273.69,460.36,14.1,Within Expected Range,0.4971,Medium,0,No,0,"Short-Tenure, Lower-Income Employees"
960,Engineering,Senior Engineer,Bachelor,48,15.0,7246.07,72.0,2009-09-04,No,7652.95,-406.88,-5.3,Within Expected Range,0.3599,Medium,0,No,1,"Established, Higher-Income Employees"
498,Finance,Financial Analyst,PhD,21,3.0,7825.61,71.0,2021-02-14,No,6288.49,1537.12,24.4,Within Expected Range,0.3473,Low,0,No,1,"Established, Higher-Income Employees"
885,Engineering,Software Engineer,PhD,30,7.0,7596.83,82.0,2017-12-13,No,7450.37,146.46,2.0,Within Expected Range,0.3084,Low,0,No,1,"Established, Higher-Income Employees"
954,Sales,Account Rep,Bachelor,38,0.0,3893.1,89.0,2024-01-16,No,3806.67,86.43,2.3,Within Expected Range,0.4289,Medium,1,Yes,0,"Short-Tenure, Lower-Income Employees"
107,Marketing,Content Specialist,Bachelor,28,0.0,3418.6,56.0,2024-11-08,No,3710.34,-291.74,-7.9,Within Expected Range,0.4716,Medium,0,No,0,"Short-Tenure, Lower-Income Employees"
444,Finance,Financial Analyst,Bachelor,45,2.0,3677.34,92.0,2022-04-21,No,4340.3,-662.96,-15.3,Within Expected Range,0.5727,Medium,1,No,0,"Short-Tenure, Lower-Income Employees"
489,HR,HR Manager,Bachelor,36,3.0,5426.21,80.0,2021-12-22,No,4640.26,785.95,16.9,Within Expected Range,0.4551,Medium,0,No,0,"Short-Tenure, Lower-Income Employees"
647,Engineering,QA Engineer,Master,37,0.0,5373.15,61.0,2024-01-05,No,4779.04,594.11,12.4,Within Expected Range,0.5098,Medium,0,No,0,"Short-Tenure, Lower-Income Employees"
13,Engineering,Senior Engineer,PhD,21,1.0,6225.14,73.0,2023-06-23,No,5860.68,364.46,6.2,Within Expected Range,0.597,Medium,0,No,0,"Short-Tenure, Lower-Income Employees"
739,Marketing,Content Specialist,Bachelor,36,2.0,4617.35,82.0,2022-04-24,Yes,4217.51,399.84,9.5,Within Expected Range,0.3945,Medium,0,No,0,"Short-Tenure, Lower-Income Employees"
191,Marketing,Marketing Manager,Master,36,8.0,7561.49,53.0,2016-05-08,No,6779.47,782.02,11.5,Within Expected Range,0.3902,Medium,0,Yes,1,"Established, Higher-Income Employees"
833,Finance,Accountant,Bachelor,29,4.0,4568.69,85.0,2020-03-08,No,4763.13,-194.44,-4.1,Within Expected Range,0.5221,Medium,1,No,0,"Short-Tenure, Lower-Income Employees"
283,HR,Recruiter,Bachelor,45,1.0,4655.59,86.0,2023-09-19,No,4250.29,405.3,9.5,Within Expected Range,0.5585,Medium,1,Yes,0,"Short-Tenure, Lower-Income Employees"
30,Sales,Sales Executive,High School,30,15.0,7457.83,79.0,2009-05-23,No,6827.09,630.74,9.2,Within Expected Range,0.1861,Low,0,Yes,1,"Established, Higher-Income Employees"
170,Sales,Sales Manager,PhD,40,6.0,4907.88,76.0,2018-01-23,Yes,7021.74,-2113.86,-30.1,Below Expected,0.5569,Medium,0,No,1,"Established, Higher-Income Employees"
181,Sales,Sales Manager,Bachelor,22,2.2,5882.64,68.0,2016-10-17,No,4338.51,1544.13,35.6,Within Expected Range,0.3216,Low,0,No,0,"Short-Tenure, Lower-Income Employees"
101,Finance,Finance Manager,Master,43,0.0,4195.62,77.0,2024-07-02,No,4675.06,-479.43,-10.3,Within Expected Range,0.6558,High,0,No,0,"Short-Tenure, Lower-Income Employees"
198,Finance,Finance Manager,PhD,27,2.0,6603.52,66.0,2022-03-10,No,6019.75,583.77,9.7,Within Expected Range,0.4754,Medium,0,No,1,"Established, Higher-Income Employees"
496,Finance,Financial Analyst,Bachelor,40,0.0,4653.46,69.0,2024-10-07,No,3835.85,817.61,21.3,Within Expected Range,0.5539,Medium,0,No,0,"Short-Tenure, Lower-Income Employees"
722,Engineering,QA Engineer,High School,26,3.0,4435.21,84.0,2021-12-19,No,3799.18,636.03,16.7,Within Expected Range,0.2734,Low,0,No,0,"Short-Tenure, Lower-Income Employees"
648,Finance,Finance Manager,Bachelor,28,0.0,3892.95,59.0,2024-04-07,No,3801.11,91.84,2.4,Within Expected Range,0.527,Medium,0,No,0,"Short-Tenure, Lower-Income Employees"
45,Finance,Finance Manager,Master,35,0.0,5546.75,88.0,2024-01-11,No,4669.23,877.52,18.8,Within Expected Range,0.5179,Medium,1,No,0,"Short-Tenure, Lower-Income Employees"
992,Finance,Finance Manager,Master,21,5.0,4666.31,73.0,2019-04-08,No,5903.03,-1236.72,-21.0,Within Expected Range,0.4045,Medium,0,No,0,"Short-Tenure, Lower-Income Employees"
711,Finance,Accountant,High School,42,1.0,3124.2,72.0,2023-08-27,No,3164.88,-40.68,-1.3,Within Expected Range,0.6795,High,0,No,0,"Short-Tenure, Lower-Income Employees"
374,Sales,Account Rep,Bachelor,29,0.0,3814.89,51.0,2024-02-12,Yes,3796.41,18.48,0.5,Within Expected Range,0.4252,Medium,0,Yes,0,"Short-Tenure, Lower-Income Employees"
679,Finance,Accountant,Master,33,2.0,3796.09,54.0,2022-11-23,Yes,5125.73,-1329.64,-25.9,Within Expected Range,0.7238,High,0,No,0,"Short-Tenure, Lower-Income Employees"
940,HR,HR Specialist,Bachelor,48,1.0,3359.49,56.0,2023-02-27,No,4148.47,-788.98,-19.0,Within Expected Range,0.5351,Medium,0,Yes,0,"Short-Tenure, Lower-Income Employees"
649,Engineering,Software Engineer,Bachelor,38,5.0,5044.3,46.0,2019-01-10,No,5235.41,-191.11,-3.7,Within Expected Range,0.433,Medium,0,No,0,"Short-Tenure, Lower-Income Employees"
798,Sales,Account Rep,Bachelor,27,0.0,4216.02,80.0,2024-05-26,No,3796.88,419.14,11.0,Within Expected Range,0.3519,Medium,0,Yes,0,"Short-Tenure, Lower-Income Employees"
848,Engineering,Senior Engineer,Master,32,0.0,3834.85,68.0,2024-08-11,No,4759.97,-925.12,-19.4,Within Expected Range,0.7344,High,0,No,0,"Short-Tenure, Lower-Income Employees"
461,Finance,Finance Manager,Bachelor,49,5.0,5314.79,65.6,2019-07-17,No,5065.55,249.24,4.9,Within Expected Range,0.5051,Medium,0,No,1,"Established, Higher-Income Employees"
909,Engineering,Senior Engineer,Bachelor,37,2.0,4102.69,96.0,2022-09-06,No,4404.61,-301.92,-6.9,Within Expected Range,0.6268,Medium,1,No,0,"Short-Tenure, Lower-Income Employees"
414,Sales,Account Rep,Master,29,3.2,8229.91,69.0,2017-11-22,No,5455.68,2774.23,50.9,Above Expected,0.2195,Low,0,Yes,1,"Established, Higher-Income Employees"
132,Marketing,Content Specialist,High School,53,0.0,3341.52,75.0,2024-11-19,No,2872.32,469.2,16.3,Within Expected Range,0.552,Medium,0,No,0,"Short-Tenure, Lower-Income Employees"
40,Engineering,QA Engineer,Bachelor,32,2.0,5325.65,77.0,2022-09-07,No,4414.51,911.14,20.6,Within Expected Range,0.3535,Medium,0,No,0,"Short-Tenure, Lower-Income Employees"
435,HR,HR Manager,Bachelor,38,0.0,3487.53,70.0,2024-06-18,No,3893.27,-405.74,-10.4,Within Expected Range,0.6332,Medium,0,No,0,"Short-Tenure, Lower-Income Employees"
216,Engineering,QA Engineer,Bachelor,47,2.0,4981.16,73.8,2022-02-19,No,4426.72,554.44,12.5,Within Expected Range,0.477,Medium,0,No,0,"Short-Tenure, Lower-Income Employees"
556,Engineering,Senior Engineer,Bachelor,21,1.0,6590.56,84.0,2013-11-20,No,4141.15,2449.41,59.1,Above Expected,0.4215,Medium,0,No,0,"Short-Tenure, Lower-Income Employees"
567,Sales,Sales Executive,High School,26,3.0,3438.55,67.0,2021-06-05,No,3831.21,-392.66,-10.2,Within Expected Range,0.5352,Medium,0,Yes,0,"Short-Tenure, Lower-Income Employees"
763,Finance,Finance Manager,Bachelor,33,1.0,3473.12,77.0,2023-11-14,No,4055.89,-582.77,-14.4,Within Expected Range,0.541,Medium,0,No,0,"Short-Tenure, Lower-Income Employees"
475,Sales,Account Rep,Bachelor,36,0.8,3315.65,95.0,2024-11-06,No,4004.89,-689.24,-17.2,Within Expected Range,0.4231,Medium,1,Yes,0,"Short-Tenure, Lower-Income Employees"
457,Engineering,Senior Engineer,High School,32,3.0,4276.78,43.0,2021-01-07,No,3785.7,491.08,13.0,Within Expected Range,0.5739,Medium,0,No,0,"Short-Tenure, Lower-Income Employees"
812,Engineering,Senior Engineer,Bachelor,34,5.0,4427.97,78.0,2019-07-20,No,5148.72,-720.75,-14.0,Within Expected Range,0.5665,Medium,0,No,0,"Short-Tenure, Lower-Income Employees"
261,Engineering,QA Engineer,Bachelor,33,8.0,6411.57,54.0,2016-02-16,No,5909.48,502.09,8.5,Within Expected Range,0.2541,Low,0,No,1,"Established, Higher-Income Employees"
817,Engineering,QA Engineer,Bachelor,52,0.0,3403.57,79.0,2024-02-01,Yes,3932.64,-529.07,-13.5,Within Expected Range,0.6191,Medium,0,No,0,"Short-Tenure, Lower-Income Employees"
36,Engineering,Senior Engineer,Bachelor,40,0.0,4023.46,70.0,2024-04-19,No,3906.58,116.88,3.0,Within Expected Range,0.7122,High,0,No,0,"Short-Tenure, Lower-Income Employees"
828,Finance,Accountant,High School,44,1.0,3228.55,67.0,2023-08-24,Yes,3166.17,62.38,2.0,Within Expected Range,0.6931,High,0,No,0,"Short-Tenure, Lower-Income Employees"
912,Finance,Accountant,Bachelor,26,1.0,4541.87,74.0,2023-10-17,No,4011.92,529.95,13.2,Within Expected Range,0.5688,Medium,0,No,0,"Short-Tenure, Lower-Income Employees"
310,Marketing,Content Specialist,Master,33,4.0,6177.48,40.0,2020-01-17,No,5570.71,606.77,10.9,Within Expected Range,0.3899,Medium,0,No,1,"Established, Higher-Income Employees"
277,Finance,Accountant,Bachelor,32,3.0,3968.92,55.0,2021-10-23,No,4514.11,-545.19,-12.1,Within Expected Range,0.632,Medium,0,No,0,"Short-Tenure, Lower-Income Employees"
637,Sales,Sales Executive,Bachelor,24,6.6,7729.73,94.0,2007-01-14,No,5589.21,2140.52,38.3,Above Expected,0.2818,Low,1,Yes,1,"Established, Higher-Income Employees"
655,Engineering,QA Engineer,PhD,45,1.0,6970.03,71.4,2023-12-25,No,5895.92,1074.11,18.2,Within Expected Range,0.5208,Medium,0,No,1,"Established, Higher-Income Employees"
623,Marketing,Marketing Analyst,Master,37,0.0,5155.86,72.0,2024-11-13,No,4787.31,368.55,7.7,Within Expected Range,0.6101,Medium,0,No,0,"Short-Tenure, Lower-Income Employees"
836,Sales,Sales Manager,High School,24,6.0,4020.05,65.0,2018-08-25,No,4427.14,-407.09,-9.2,Within Expected Range,0.3053,Low,0,No,0,"Short-Tenure, Lower-Income Employees"
845,HR,Recruiter,PhD,21,1.0,7550.64,80.0,2023-04-14,No,5950.28,1600.36,26.9,Within Expected Range,0.3908,Medium,0,Yes,1,"Established, Higher-Income Employees"
394,Marketing,Content Specialist,Bachelor,34,0.0,2922.01,55.0,2024-09-18,No,3715.25,-793.24,-21.4,Within Expected Range,0.5412,Medium,0,No,0,"Short-Tenure, Lower-Income Employees"
108,Sales,Sales Executive,Master,45,7.0,7181.48,87.0,2017-05-24,No,6566.02,615.46,9.4,Within Expected Range,0.5167,Medium,1,Yes,1,"Established, Higher-Income Employees"
525,Engineering,Software Engineer,Bachelor,39,1.0,4274.24,69.0,2023-11-04,No,4240.71,33.53,0.8,Within Expected Range,0.5144,Medium,0,No,0,"Short-Tenure, Lower-Income Employees"
785,Marketing,Marketing Analyst,Bachelor,29,0.0,4436.73,84.0,2024-11-08,No,3921.38,515.35,13.1,Within Expected Range,0.5052,Medium,0,No,0,"Short-Tenure, Lower-Income Employees"
204,Marketing,Marketing Analyst,Master,34,3.0,5722.1,81.0,2021-04-06,No,5533.4,188.7,3.4,Within Expected Range,0.4972,Medium,0,No,0,"Short-Tenure, Lower-Income Employees"
988,Finance,Financial Analyst,Bachelor,21,0.0,3690.23,79.0,2024-12-03,No,3820.82,-130.59,-3.4,Within Expected Range,0.4572,Medium,0,No,0,"Short-Tenure, Lower-Income Employees"
632,Sales,Sales Executive,Bachelor,31,6.0,5946.66,86.0,2018-12-14,No,5444.85,501.81,9.2,Within Expected Range,0.4313,Medium,1,Yes,1,"Established, Higher-Income Employees"
22,Finance,Accountant,Master,21,0.0,4710.62,80.0,2024-03-01,No,4619.07,91.55,2.0,Within Expected Range,0.6031,Medium,0,No,0,"Short-Tenure, Lower-Income Employees"
403,Sales,Sales Manager,Master,34,4.6,5705.92,61.0,2021-09-02,No,5806.46,-100.54,-1.7,Within Expected Range,0.4477,Medium,0,No,1,"Established, Higher-Income Employees"
947,Finance,Accountant,High School,35,0.0,2825.53,70.0,2024-07-19,Yes,2909.61,-84.08,-2.9,Within Expected Range,0.6676,High,0,No,0,"Short-Tenure, Lower-Income Employees"
84,Engineering,Senior Engineer,Master,32,3.0,5040.91,55.0,2021-04-17,No,5506.93,-466.02,-8.5,Within Expected Range,0.6538,High,0,No,0,"Short-Tenure, Lower-Income Employees"
131,Engineering,Senior Engineer,Bachelor,24,2.0,3311.35,84.0,2022-07-06,No,4392.94,-1081.59,-24.6,Within Expected Range,0.5964,Medium,0,No,0,"Short-Tenure, Lower-Income Employees"
896,Engineering,QA Engineer,High School,25,0.0,3103.09,63.0,2024-02-22,No,3048.89,54.2,1.8,Within Expected Range,0.4014,Medium,0,No,0,"Short-Tenure, Lower-Income Employees"
842,Sales,Sales Executive,Bachelor,28,2.0,4749.14,76.0,2022-05-03,No,4444.4,304.74,6.9,Within Expected Range,0.5549,Medium,0,Yes,0,"Short-Tenure, Lower-Income Employees"
742,Finance,Finance Manager,Bachelor,34,8.0,6147.19,72.0,2016-03-19,No,5801.49,345.7,6.0,Within Expected Range,0.3067,Low,0,No,1,"Established, Higher-Income Employees"
698,Engineering,Senior Engineer,High School,47,4.0,3897.0,85.0,2020-06-26,No,4050.54,-153.54,-3.8,Within Expected Range,0.6193,Medium,1,No,0,"Short-Tenure, Lower-Income Employees"
287,Engineering,QA Engineer,Master,39,2.0,4395.54,75.0,2022-08-09,No,5280.34,-884.8,-16.8,Within Expected Range,0.5211,Medium,0,No,0,"Short-Tenure, Lower-Income Employees"
124,Finance,Finance Manager,High School,21,14.0,7318.72,78.0,2010-07-12,No,6426.81,891.91,13.9,Within Expected Range,0.1041,Low,0,No,1,"Established, Higher-Income Employees"
34,Engineering,Senior Engineer,Bachelor,26,5.0,5499.97,82.0,2019-09-24,No,5142.37,357.6,7.0,Within Expected Range,0.4487,Medium,0,No,1,"Established, Higher-Income Employees"
788,Finance,Accountant,PhD,45,5.0,5324.86,58.0,2019-02-02,No,6744.08,-1419.22,-21.0,Within Expected Range,0.738,High,0,No,1,"Established, Higher-Income Employees"
517,Finance,Finance Manager,Bachelor,21,7.2,7875.63,75.0,2012-04-18,No,5591.48,2284.15,40.9,Above Expected,0.1813,Low,0,No,1,"Established, Higher-Income Employees"
924,Engineering,Software Engineer,Master,41,2.0,4514.92,80.0,2022-07-17,No,5352.66,-837.74,-15.7,Within Expected Range,0.5537,Medium,0,No,0,"Short-Tenure, Lower-Income Employees"
20,Engineering,QA Engineer,Master,39,3.0,4529.54,73.0,2021-06-06,No,5529.5,-999.96,-18.1,Within Expected Range,0.5,Medium,0,No,0,"Short-Tenure, Lower-Income Employees"
989,Engineering,QA Engineer,PhD,34,6.0,9601.02,61.0,2018-11-24,No,7132.56,2468.46,34.6,Above Expected,0.2578,Low,0,No,1,"Established, Higher-Income Employees"
220,Sales,Sales Manager,High School,37,2.0,3399.7,65.2,2022-12-13,No,3440.72,-41.02,-1.2,Within Expected Range,0.4857,Medium,0,No,0,"Short-Tenure, Lower-Income Employees"
892,Marketing,Marketing Manager,Bachelor,33,8.0,5881.8,68.0,2016-12-12,No,5917.91,-36.11,-0.6,Within Expected Range,0.3662,Medium,0,Yes,1,"Established, Higher-Income Employees"
580,Sales,Sales Manager,Bachelor,45,10.0,8202.95,78.0,2014-04-09,No,6302.92,1900.03,30.1,Above Expected,0.2357,Low,0,No,1,"Established, Higher-Income Employees"
482,Engineering,QA Engineer,High School,27,3.0,3901.29,74.0,2021-06-10,No,3799.27,102.02,2.7,Within Expected Range,0.3146,Low,0,No,0,"Short-Tenure, Lower-Income Employees"
932,Finance,Accountant,Master,30,4.0,6808.08,71.0,2020-05-11,No,5623.1,1184.98,21.1,Within Expected Range,0.5026,Medium,0,No,1,"Established, Higher-Income Employees"
357,Sales,Sales Executive,Bachelor,39,4.0,4573.44,59.0,2020-05-03,No,4950.89,-377.45,-7.6,Within Expected Range,0.6294,Medium,0,Yes,0,"Short-Tenure, Lower-Income Employees"
662,Sales,Sales Executive,Master,25,0.0,5034.96,65.0,2024-07-23,Yes,4802.66,232.3,4.8,Within Expected Range,0.6364,Medium,0,Yes,0,"Short-Tenure, Lower-Income Employees"
225,Marketing,Content Specialist,Bachelor,29,5.0,5165.41,72.2,2019-06-17,No,4958.89,206.52,4.2,Within Expected Range,0.2919,Low,0,No,1,"Established, Higher-Income Employees"
760,Engineering,QA Engineer,Master,21,4.0,4913.53,52.0,2020-03-12,No,5762.32,-848.79,-14.7,Within Expected Range,0.3702,Medium,0,No,0,"Short-Tenure, Lower-Income Employees"
93,Sales,Sales Executive,Master,21,7.0,6255.51,80.0,2017-05-14,No,6545.59,-290.08,-4.4,Within Expected Range,0.4084,Medium,0,Yes,1,"Established, Higher-Income Employees"
152,Engineering,QA Engineer,Bachelor,41,2.6,4783.74,68.0,2023-06-05,No,4570.9,212.84,4.7,Within Expected Range,0.4438,Medium,0,No,0,"Short-Tenure, Lower-Income Employees"
318,Marketing,Content Specialist,Bachelor,39,6.0,6436.15,64.0,2018-01-01,No,5215.89,1220.26,23.4,Within Expected Range,0.2904,Low,0,No,1,"Established, Higher-Income Employees"
449,Finance,Financial Analyst,Bachelor,45,7.0,6655.89,75.0,2017-02-09,No,5585.58,1070.31,19.2,Within Expected Range,0.3603,Medium,0,No,1,"Established, Higher-Income Employees"
804,HR,Recruiter,Bachelor,39,1.0,3560.78,78.0,2023-06-14,No,4244.73,-683.95,-16.1,Within Expected Range,0.5852,Medium,0,Yes,0,"Short-Tenure, Lower-Income Employees"
746,Sales,Sales Manager,High School,38,2.0,2928.28,75.0,2022-07-20,No,3442.27,-513.99,-14.9,Within Expected Range,0.5033,Medium,0,No,0,"Short-Tenure, Lower-Income Employees"
523,Engineering,Senior Engineer,Bachelor,29,6.0,6181.07,66.0,2018-09-01,No,5392.99,788.08,14.6,Within Expected Range,0.4403,Medium,0,No,1,"Established, Higher-Income Employees"
280,Engineering,Senior Engineer,Bachelor,23,1.0,3521.46,62.0,2023-11-09,No,4141.19,-619.73,-15.0,Within Expected Range,0.6257,Medium,0,No,0,"Short-Tenure, Lower-Income Employees"
584,Finance,Financial Analyst,High School,33,3.0,3513.35,66.0,2021-09-17,No,3717.57,-204.22,-5.5,Within Expected Range,0.4477,Medium,0,No,0,"Short-Tenure, Lower-Income Employees"
765,Sales,Account Rep,Bachelor,22,0.0,4991.92,83.0,2024-06-06,No,3792.95,1198.97,31.6,Within Expected Range,0.2826,Low,0,Yes,0,"Short-Tenure, Lower-Income Employees"
605,Sales,Account Rep,Master,42,0.0,4470.08,58.0,2024-09-07,Yes,4667.88,-197.8,-4.2,Within Expected Range,0.5421,Medium,0,Yes,0,"Short-Tenure, Lower-Income Employees"
350,HR,Recruiter,Master,21,3.0,4757.2,63.0,2021-02-10,No,5587.47,-830.27,-14.9,Within Expected Range,0.456,Medium,0,Yes,0,"Short-Tenure, Lower-Income Employees"
928,HR,Recruiter,PhD,40,0.0,5206.24,54.0,2024-02-20,No,5714.83,-508.59,-8.9,Within Expected Range,0.6903,High,0,Yes,0,"Short-Tenure, Lower-Income Employees"
375,Finance,Finance Manager,Bachelor,34,3.0,4943.66,78.0,2021-06-05,No,4555.41,388.25,8.5,Within Expected Range,0.4357,Medium,0,No,0,"Short-Tenure, Lower-Income Employees"
401,Sales,Account Rep,Bachelor,38,4.0,4453.71,57.0,2020-11-17,No,4801.54,-347.83,-7.2,Within Expected Range,0.3801,Medium,0,Yes,0,"Short-Tenure, Lower-Income Employees"
705,HR,HR Specialist,Bachelor,27,1.0,3769.78,72.0,2023-12-06,No,4132.21,-362.43,-8.8,Within Expected Range,0.3481,Low,0,Yes,0,"Short-Tenure, Lower-Income Employees"
258,Sales,Account Rep,High School,33,14.0,5020.07,67.0,2010-03-06,No,6431.01,-1410.94,-21.9,Within Expected Range,0.1458,Low,0,Yes,1,"Established, Higher-Income Employees"
945,Finance,Finance Manager,Master,35,9.0,8021.58,76.0,2015-11-15,No,6912.1,1109.48,16.1,Within Expected Range,0.2711,Low,0,No,1,"Established, Higher-Income Employees"
852,Sales,Account Rep,Master,34,3.0,6135.66,71.0,2021-01-27,No,5410.11,725.55,13.4,Within Expected Range,0.3351,Low,0,Yes,1,"Established, Higher-Income Employees"
73,Engineering,Software Engineer,Bachelor,32,3.0,5025.16,59.0,2021-01-20,No,4732.78,292.38,6.2,Within Expected Range,0.4075,Medium,0,No,0,"Short-Tenure, Lower-Income Employees"
196,Sales,Sales Executive,Master,28,0.0,4427.1,74.0,2024-09-19,No,4805.82,-378.72,-7.9,Within Expected Range,0.6725,High,0,Yes,0,"Short-Tenure, Lower-Income Employees"
484,Engineering,QA Engineer,High School,44,0.0,2997.92,76.0,2024-11-06,No,3065.61,-67.69,-2.2,Within Expected Range,0.5199,Medium,0,No,0,"Short-Tenure, Lower-Income Employees"
856,Marketing,Marketing Manager,Bachelor,39,3.0,4145.64,75.0,2021-05-18,No,4676.87,-531.23,-11.4,Within Expected Range,0.5704,Medium,0,Yes,0,"Short-Tenure, Lower-Income Employees"
495,Sales,Sales Manager,Bachelor,49,4.0,5098.93,55.0,2020-05-17,Yes,4808.71,290.22,6.0,Within Expected Range,0.5323,Medium,0,No,0,"Short-Tenure, Lower-Income Employees"
773,Engineering,QA Engineer,Bachelor,46,1.0,2785.95,82.0,2023-11-09,No,4177.19,-1391.24,-33.3,Within Expected Range,0.5896,Medium,0,No,0,"Short-Tenure, Lower-Income Employees"
463,Sales,Sales Manager,Bachelor,30,1.0,3362.98,89.0,2023-03-22,No,4047.52,-684.54,-16.9,Within Expected Range,0.492,Medium,1,No,0,"Short-Tenure, Lower-Income Employees"
202,HR,HR Specialist,Bachelor,25,12.0,6307.28,73.0,2012-07-17,No,6872.99,-565.71,-8.2,Within Expected Range,0.1226,Low,0,Yes,1,"Established, Higher-Income Employees"
291,HR,HR Manager,Bachelor,46,3.0,3071.45,87.0,2021-12-21,No,4649.08,-1577.63,-33.9,Within Expected Range,0.6355,Medium,1,No,0,"Short-Tenure, Lower-Income Employees"
764,Marketing,Marketing Analyst,Master,38,5.0,5808.31,69.0,2019-10-27,No,6034.45,-226.14,-3.7,Within Expected Range,0.5043,Medium,0,No,1,"Established, Higher-Income Employees"
950,Marketing,Marketing Manager,Bachelor,37,1.0,3542.18,68.0,2023-12-06,No,4176.09,-633.91,-15.2,Within Expected Range,0.6296,Medium,0,Yes,0,"Short-Tenure, Lower-Income Employees"
184,Sales,Sales Manager,Bachelor,38,9.0,5746.19,67.0,2015-05-16,No,6046.99,-300.8,-5.0,Within Expected Range,0.3266,Low,0,No,1,"Established, Higher-Income Employees"
251,Sales,Account Rep,High School,32,3.0,4793.1,100.0,2021-06-05,No,3690.24,1102.86,29.9,Within Expected Range,0.2323,Low,1,Yes,0,"Short-Tenure, Lower-Income Employees"
824,Engineering,Software Engineer,Bachelor,28,0.0,2089.16,80.0,2024-10-02,No,3983.08,-1893.92,-47.5,Below Expected,0.5531,Medium,0,No,0,"Short-Tenure, Lower-Income Employees"
941,Finance,Finance Manager,Bachelor,23,0.0,3914.39,68.0,2024-02-18,No,3797.62,116.77,3.1,Within Expected Range,0.4778,Medium,0,No,0,"Short-Tenure, Lower-Income Employees"
392,Engineering,Software Engineer,Master,47,0.0,6458.62,54.0,2024-02-13,No,4857.11,1601.51,33.0,Within Expected Range,0.5649,Medium,0,No,0,"Short-Tenure, Lower-Income Employees"
905,Engineering,Senior Engineer,High School,21,0.0,2647.39,61.0,2024-11-16,Yes,3029.98,-382.59,-12.6,Within Expected Range,0.6061,Medium,0,No,0,"Short-Tenure, Lower-Income Employees"
731,Sales,Sales Executive,High School,30,1.0,3591.59,58.0,2023-03-12,Yes,3335.26,256.33,7.7,Within Expected Range,0.6007,Medium,0,Yes,0,"Short-Tenure, Lower-Income Employees"
555,Engineering,Software Engineer,Master,38,0.0,4563.14,83.0,2024-05-18,Yes,4851.78,-288.64,-5.9,Within Expected Range,0.5595,Medium,0,No,0,"Short-Tenure, Lower-Income Employees"
367,Sales,Account Rep,High School,27,2.0,4664.63,44.0,2022-01-18,No,3432.67,1231.96,35.9,Within Expected Range,0.2859,Low,0,Yes,0,"Short-Tenure, Lower-Income Employees"
536,Sales,Sales Manager,Master,41,8.0,5712.69,81.0,2016-01-17,No,6661.38,-948.69,-14.2,Within Expected Range,0.4106,Medium,0,No,1,"Established, Higher-Income Employees"
920,Engineering,Senior Engineer,Bachelor,33,11.0,7315.0,58.0,2013-04-10,No,6642.25,672.75,10.1,Within Expected Range,0.3411,Low,0,No,1,"Established, Higher-Income Employees"
212,Marketing,Content Specialist,Bachelor,35,4.0,4821.96,56.0,2020-05-12,No,4713.38,108.58,2.3,Within Expected Range,0.3814,Medium,0,No,0,"Short-Tenure, Lower-Income Employees"
538,Finance,Financial Analyst,Bachelor,31,3.0,4262.34,59.0,2021-12-11,No,4575.56,-313.22,-6.8,Within Expected Range,0.4754,Medium,0,No,0,"Short-Tenure, Lower-Income Employees"
176,Sales,Account Rep,High School,27,0.0,1909.09,82.0,2024-02-24,No,2936.85,-1027.76,-35.0,Within Expected Range,0.3964,Medium,0,Yes,0,"Short-Tenure, Lower-Income Employees"
